热门查询,点击次数,展示,点击率,排名
z print,2,4,50%,3
智印港,2,2,100%,1
證書印刷,1,6,16.67%,10.33
印海報價錢,1,1,100%,22
宣傳單張,0,37,0%,37.16
月曆印刷,0,36,0%,19.39
宣傳單張印刷,0,36,0%,30.31
貼紙印刷,0,33,0%,37.76
両面カラー印刷,0,31,0%,22.35
印海報,0,25,0%,32.36
海報印刷,0,24,0%,29.83
saddle stitch booklet,0,24,0%,78.75
貼紙,0,20,0%,54.6
saddle stitch booklets,0,19,0%,89.21
戶外貼紙,0,18,0%,22.11
包裝盒印刷,0,18,0%,39.22
紙盒訂製,0,18,0%,44.56
戶外橫額,0,18,0%,58.28
poster 印刷,0,17,0%,27.76
school exercise book print,0,17,0%,31.76
印書,0,17,0%,34.76
教材 印刷製本,0,17,0%,50.88
餐牌印刷,0,16,0%,15.81
china catalog printing,0,16,0%,24.75
school exercise book printing,0,16,0%,26.75
包裝盒訂製,0,16,0%,27.38
月歷印刷,0,16,0%,31.5
騎馬釘印刷,0,16,0%,35.25
騎馬釘書刊,0,16,0%,51.31
small batch label printing,0,16,0%,59.19
透明貼,0,15,0%,31.73
騎馬釘,0,15,0%,38.27
small quantity label printing,0,15,0%,78.6
紙袋印刷,0,14,0%,22.07
貼紙訂製,0,14,0%,22.86
訂做紙袋,0,14,0%,26.71
印刷紙袋,0,14,0%,29.86
紙袋訂製,0,14,0%,37.36
印刷 カラー モード,0,14,0%,76.93
a1 poster size,0,13,0%,78.62
大信封,0,12,0%,3.25
畫冊印刷,0,10,0%,14.7
海報與印刷,0,10,0%,16.4
small batch sticker printing,0,10,0%,18.6
印刷 カラー cmyk,0,10,0%,90.3
a5とa6どっちが大きい,0,9,0%,11.78
即日急件,0,9,0%,27.56
catalog printing,0,9,0%,32.33
標籤廠商,0,9,0%,49.11
包裝食品 裡印,0,8,0%,14.75
catalog printing china,0,8,0%,26.38
security sticker printing,0,8,0%,32.12
クラフト紙 パッケージ 印刷,0,8,0%,34.75
クラフト紙 パッケージ印刷,0,8,0%,35.38
印海報一張,0,8,0%,46.75
removable stickers,0,8,0%,47.5
教材 印刷 製本,0,8,0%,51.38
卡片,0,8,0%,75.38
牛皮紙盒,0,7,0%,1.57
可移貼紙,0,7,0%,17
paper bag print file requirements,0,7,0%,18.43
ステッカー印刷 小ロット,0,7,0%,50
食品 パッケージ,0,7,0%,61.57
a2海報,0,6,0%,1.67
即日印刷,0,6,0%,11.67
small batch stickers,0,6,0%,12.17
透明貼紙,0,6,0%,25
catalogue printing china,0,6,0%,29.5
膠卡餐牌,0,6,0%,29.67
月曆訂製,0,6,0%,32.83
pôster a2,0,6,0%,43
紙盒印刷,0,6,0%,45.33
教材 テキスト印刷,0,6,0%,47.5
small batch labels,0,6,0%,47.83
cmyk vs rgb,0,6,0%,71.67
易拉架,0,6,0%,78.33
地鐵燈箱廣告尺寸,0,5,0%,8
exercise book printing business,0,5,0%,16.8
pvc シール,0,5,0%,22.8
禮盒訂做,0,5,0%,33.8
adhesive posters,0,5,0%,35.2
印咭片,0,5,0%,35.2
a5 flyer size,0,5,0%,35.6
double sided flyer printing,0,5,0%,40
摺頁印刷,0,5,0%,43.8
車身廣告,0,5,0%,45
教科書 印刷,0,5,0%,46
adhesive banner printing,0,5,0%,47.4
海報大小,0,5,0%,53.2
名刺 角丸,0,5,0%,59.4
易拉架印刷,0,5,0%,70
wholesale catalog printing,0,5,0%,75.6
how to print waterproof stickers,0,5,0%,77.4
saddle stitch booklet printing vancouver,0,5,0%,77.8
rgb 印刷,0,5,0%,79
a2 海報 印刷,0,4,0%,5.25
ダイカット ステッカー 防水,0,4,0%,7
膠片餐牌,0,4,0%,23.5
a3海報印刷,0,4,0%,33.25
牛皮紙盒印刷,0,4,0%,33.5
食品包裝印刷,0,4,0%,43.25
adhesive poster printing,0,4,0%,46.75
海報size,0,4,0%,48.75
マグネットレス 貼り箱,0,4,0%,50.25
海報列印,0,4,0%,51.25
how big is a standard wall calendar,0,4,0%,58.25
foil sticker printing,0,4,0%,62
bulk catalog printing,0,4,0%,63.25
易拉架製作,0,4,0%,68.5
poster print a2,0,4,0%,71.25
saddle stitch books,0,4,0%,80.75
saddle stitched booklets,0,4,0%,89.75
同人周邊製作,0,3,0%,4.67
同人周邊,0,3,0%,6
彩色信封,0,3,0%,6.67
mtr 12 sheet size,0,3,0%,7.67
同人紙,0,3,0%,8
pvc menu,0,3,0%,10.67
燈箱yupo紙,0,3,0%,13.67
exercise book printing,0,3,0%,19.33
印貼紙,0,3,0%,28
calendar sizes,0,3,0%,40.33
cmyk,0,3,0%,40.33
custom printed exercise books,0,3,0%,40.33
咭片印刷,0,3,0%,41
咭片,0,3,0%,42.33
信封,0,3,0%,42.67
a1 printing,0,3,0%,44.33
學校印刷,0,3,0%,45.33
a2 クリアポスター 印刷,0,3,0%,49.33
repositionable stickers,0,3,0%,51
custom fluorescent stickers,0,3,0%,53.33
a2 poster size,0,3,0%,55
a2 ポスター 印刷,0,3,0%,55.33
教材 製本,0,3,0%,64.33
average calendar size,0,3,0%,65
saddlestitch booklet,0,3,0%,71.33
rgb vs cmyk,0,3,0%,83.67
a1 poster dimensions,0,3,0%,85
dimensions of a1 poster in cm,0,3,0%,85
a2 印刷 即日,0,2,0%,1
信封顏色,0,2,0%,1
公司信封,0,2,0%,1
海報a2,0,2,0%,1
證書紙材質,0,2,0%,5
易拉寶,0,2,0%,5.5
同人 印刷,0,2,0%,7
a1 pvc poster,0,2,0%,7.5
印poster,0,2,0%,7.5
a5 vs a6 flyer,0,2,0%,8.5
畢業紀念冊香港,0,2,0%,8.5
a5 印刷,0,2,0%,9
a1 poster printing price,0,2,0%,9.5
a6 a5 サイズ比較,0,2,0%,10
a5 a6 サイズ 比較,0,2,0%,11
印證書,0,2,0%,11
small batch custom stickers,0,2,0%,12
大紙袋,0,2,0%,14.5
環保印刷,0,2,0%,15.5
環保材質貼紙,0,2,0%,15.5
戶外海報,0,2,0%,19
食品包裝訂製,0,2,0%,21
貼紙設計,0,2,0%,21.5
標籤 印刷,0,2,0%,27.5
detachable stickers,0,2,0%,28.5
flyer printing same day pickup,0,2,0%,29
香港 貼紙 印刷,0,2,0%,29
香港貼紙印刷,0,2,0%,29
fluorescent sticker,0,2,0%,29.5
訂制月曆,0,2,0%,29.5
factory price eco friendly printed bags,0,2,0%,30
印月曆,0,2,0%,30
訂製月曆,0,2,0%,30
eco paper bags,0,2,0%,30.5
book printing hong kong,0,2,0%,31.5
車身廣告貼紙,0,2,0%,33
a5 flyer printing service,0,2,0%,33.5
膠裝書價格,0,2,0%,33.5
利是封印刷,0,2,0%,34.5
adhesive poster vs poster,0,2,0%,37
how much does it cost to print a catalog,0,2,0%,37
a5 folded to a6,0,2,0%,38
傳單 印刷,0,2,0%,38.5
利是封訂製,0,2,0%,38.5
卡紙印刷,0,2,0%,39.5
zprint,0,2,0%,40
車身貼紙價錢,0,2,0%,40
laminated menus,0,2,0%,41
禮盒訂製,0,2,0%,41
防水貼紙,0,2,0%,41.5
a3 ポスター サイズ,0,2,0%,42
貼紙印製,0,2,0%,43.5
カタログ 印刷,0,2,0%,45
學校 印刷,0,2,0%,45.5
custom foil decals,0,2,0%,46
chinese catalog printers,0,2,0%,48
a5 poster printing,0,2,0%,48.5
weekend flyer delivery,0,2,0%,49.5
a5 or a6,0,2,0%,50.5
custom catalog printing,0,2,0%,51
ステッカー 印刷 小 ロット,0,2,0%,51
a1 poster print cost,0,2,0%,52
waterproof sticker,0,2,0%,53
calendar dimensions,0,2,0%,54.5
custom foil stickers,0,2,0%,55
屋外 ポスター,0,2,0%,55
calendar standard size,0,2,0%,55.5
poster print same day,0,2,0%,55.5
food labels sticker,0,2,0%,56.5
laminated stitched menus,0,2,0%,56.5
printing 24 hr,0,2,0%,58
foil printed stickers,0,2,0%,62
custom foil labels stickers,0,2,0%,62.5
stickers small format printing,0,2,0%,62.5
a2 poster measurements,0,2,0%,63
同人グッズ 印刷,0,2,0%,63
z折り パンフレット,0,2,0%,64
cmyk 印刷,0,2,0%,64.5
ポスター 料金,0,2,0%,65
a2 poster dimensions,0,2,0%,65.5
上 製本 印刷 安い,0,2,0%,66
trade wire o bound calendars,0,2,0%,66.5
a5 flyer dimensions,0,2,0%,69.5
a2 print size,0,2,0%,70.5
座枱易拉架,0,2,0%,70.5
2x2 poster,0,2,0%,72.5
1 2 print,0,2,0%,73
a3 poster dimensions,0,2,0%,74
a1 poster sizes,0,2,0%,75
a1 poster size in cm,0,2,0%,77
a3 poster size,0,2,0%,77
cmyk or rgb,0,2,0%,78
易 拉架,0,2,0%,79.5
a2 poster printing,0,2,0%,82.5
pvc menu printing,0,2,0%,83.5
wholesale saddle stitch booklet printing,0,2,0%,86.5
cmyk of rgb,0,2,0%,88.5
rgb and cmyk,0,2,0%,88.5
rgb of cmyk,0,2,0%,88.5
saddlestitch booklets,0,2,0%,88.5
cmyk rgb,0,2,0%,92
a1 海報,0,1,0%,1
a1海報,0,1,0%,1
a2 印刷,0,1,0%,1
a5海報,0,1,0%,1
alipay flash collect,0,1,0%,1
in usd,0,1,0%,1
poster 尺寸,0,1,0%,1
カレンダー マグネット,0,1,0%,1
ポスター 防水加工,0,1,0%,1
メニュー ラミネート,0,1,0%,1
吸印,0,1,0%,1
大型封筒,0,1,0%,1
新蒲崗影印鋪,0,1,0%,1
浮雕印刷,0,1,0%,1
海報材質,0,1,0%,1
白卡紙盒,0,1,0%,1
磁吸禮盒,0,1,0%,1
紙的種類介紹,0,1,0%,1
酒水牌,0,1,0%,1
防偽貼紙,0,1,0%,1
防水pvc,0,1,0%,1
防水pvc貼紙,0,1,0%,1
batch stickers,0,1,0%,2
flyer papier,0,1,0%,2
海報印刷一張,0,1,0%,2
print textbooks,0,1,0%,3
rgb印刷機,0,1,0%,3
งานแสดงสินค้า,0,1,0%,3
同人本,0,1,0%,3
1000張,0,1,0%,4
a6 flyers,0,1,0%,4
膠裝 騎馬釘,0,1,0%,4
通常幾錢,0,1,0%,4
a6 vs a5 flyer,0,1,0%,5
ロール アップ バナー,0,1,0%,5
同人誌 印刷,0,1,0%,5
同人誌印刷,0,1,0%,5
a2海報印刷,0,1,0%,6
a5大還是a6大,0,1,0%,6
pvc sticker,0,1,0%,7
a5a6尺寸,0,1,0%,8
xinf,0,1,0%,8
印刷海報,0,1,0%,8
紙袋材質,0,1,0%,9
貼紙材質pvc,0,1,0%,9
a1 印刷 即日,0,1,0%,10
a6 a5 どっちが大きい,0,1,0%,10
mtr printing,0,1,0%,10
紙袋 尺寸,0,1,0%,10
賀卡印刷,0,1,0%,10
同人印刷,0,1,0%,11
香港印刷公司,0,1,0%,11
信封印刷,0,1,0%,12
海報印刷價格,0,1,0%,13
custom exercise book,0,1,0%,14
校刊印刷,0,1,0%,14
samedayflyers,0,1,0%,16
同人本 印刷,0,1,0%,16
紙袋零售,0,1,0%,16
ポスター印刷,0,1,0%,17
型錄印製,0,1,0%,17
證書列印,0,1,0%,19
校 簿 印刷,0,1,0%,20
食物包裝盒,0,1,0%,20
單張印刷,0,1,0%,21
現貨紙袋香港,0,1,0%,21
custom exercise books,0,1,0%,22
custom waterproof stickers china,0,1,0%,22
作品集印製,0,1,0%,22
貼紙定制,0,1,0%,22
mtr advertising rate card,0,1,0%,23
a1 paper printing cost,0,1,0%,24
waterproof pvc sticker,0,1,0%,24
custom exercise book printing,0,1,0%,25
catalogs printing china,0,1,0%,26
蛍光 ステッカー,0,1,0%,26
rgb印刷,0,1,0%,27
シール pvcとは,0,1,0%,27
蛍光ステッカー,0,1,0%,27
flyer printing free shipping,0,1,0%,28
pvcシールとは,0,1,0%,28
クラフト 紙 パッケージ,0,1,0%,28
印貼紙香港,0,1,0%,28
kraft paper box,0,1,0%,29
大判封筒,0,1,0%,29
透明 貼紙,0,1,0%,29
bound exercise book,0,1,0%,30
kraft bags shop 100,0,1,0%,30
網孔貼,0,1,0%,31
standard size of calendar,0,1,0%,32
vinyl banner printing china,0,1,0%,32
catalog printing in china,0,1,0%,33
waterproof and uv resistant stickers,0,1,0%,33
flyers a5 standards,0,1,0%,34
影印 速遞,0,1,0%,34
pet food label printing service,0,1,0%,35
print flyers next day delivery,0,1,0%,35
訂製利是封,0,1,0%,35
a6 a5 size,0,1,0%,36
custom waterproof decals,0,1,0%,36
flyer printing next day delivery,0,1,0%,36
removable decal,0,1,0%,36
a2 ポスター,0,1,0%,37
殺菌貼紙,0,1,0%,37
custom kraft paper bags,0,1,0%,38
online catalog printing,0,1,0%,38
a2 posters printed,0,1,0%,39
a6 印刷,0,1,0%,39
車身 廣告,0,1,0%,39
防水車貼,0,1,0%,39
a2 poster bestellen,0,1,0%,40
easily removable stickers,0,1,0%,40
exercise book suppliers,0,1,0%,40
what size is a1 poster,0,1,0%,40
オリジナルパッケージ,0,1,0%,40
防水 ポスター,0,1,0%,41
bulk waterproof stickers,0,1,0%,42
cheap catalog printing china,0,1,0%,42
exercise book company,0,1,0%,42
ステッカー 激安 小 ロット,0,1,0%,42
poster printing pricing,0,1,0%,44
stickers fluorescent,0,1,0%,44
証書 紙,0,1,0%,44
catalogs printing,0,1,0%,45
custom water proof stickers,0,1,0%,45
a2 poster board printing,0,1,0%,46
a5 flyer size in inches,0,1,0%,46
adhesive poster print,0,1,0%,46
magnetic closure gift box,0,1,0%,46
outdoor vinyl printing,0,1,0%,46
香港印刷,0,1,0%,46
a1 poster price,0,1,0%,47
a2 paper size poster,0,1,0%,47
magnetic calendar printing,0,1,0%,47
security sticker manufacturer,0,1,0%,47
ステッカー 少量,0,1,0%,47
print poster board,0,1,0%,48
school exercise book printing london,0,1,0%,48
a1 poster in mm,0,1,0%,49
a1 posters,0,1,0%,49
adhesive poster meaning,0,1,0%,49
corporate materials,0,1,0%,49
what is outdoor vinyl poster,0,1,0%,49
ポスター 標準サイズ,0,1,0%,49
車身裱貼,0,1,0%,49
foil print flyers,0,1,0%,50
removable sticker,0,1,0%,50
ポスターサイズ,0,1,0%,50
封筒 大きい サイズ,0,1,0%,50
ステッカー 小 ロット,0,1,0%,51
a2 posters,0,1,0%,52
a2 ポスター プリント,0,1,0%,53
business envelope,0,1,0%,53
rollup banner,0,1,0%,53
紙張,0,1,0%,53
a1 poster size dimensions,0,1,0%,54
urgent printing,0,1,0%,54
ポスター 寸法,0,1,0%,54
a1 poster print,0,1,0%,55
custom removable stickers,0,1,0%,55
fluorescent stickers,0,1,0%,55
a1 plakat størrelse,0,1,0%,56
sticker foil,0,1,0%,56
matte black shipping boxes with magnetic closure,0,1,0%,57
size poster a1,0,1,0%,57
what is a standard calendar size,0,1,0%,57
ポスター 屋外,0,1,0%,57
a2 サイズ ポスター 印刷,0,1,0%,58
a2 ポスター 激安,0,1,0%,58
custom printed foil stickers,0,1,0%,58
print poster,0,1,0%,58
ポスター プリント a2,0,1,0%,58
商品 パッケージ印刷,0,1,0%,59
易拉架訂製,0,1,0%,59
a2 ポスター 印刷 激安,0,1,0%,60
sticker guide,0,1,0%,60
saiz poster a1,0,1,0%,61
what size is a standard calendar,0,1,0%,61
a1 poster printing prices,0,1,0%,62
a1 size poster size,0,1,0%,62
gift boxes with magnetic closure,0,1,0%,62
standard calendar size,0,1,0%,63
typical calendar size,0,1,0%,63
グッズ 同人 印刷,0,1,0%,64
a1 posters size,0,1,0%,65
a2 printing size,0,1,0%,65
custom printed fluorescent labels,0,1,0%,65
die cut sticker,0,1,0%,65
ポスター 費用,0,1,0%,65
cheap paper bag printing,0,1,0%,66
size of a2 poster in cm,0,1,0%,66
wholesale perfect bound book printing,0,1,0%,66
グッズ印刷 同人,0,1,0%,66
product catalog printing,0,1,0%,67
客貨車裱貼,0,1,0%,67
educational workbook printing,0,1,0%,68
a1 poster dimension,0,1,0%,69
laminated menu,0,1,0%,69
measurements for a1 poster,0,1,0%,69
冊子印刷,0,1,0%,71
貼紙製作,0,1,0%,71
海報,0,1,0%,72
a2 poster size dimensions,0,1,0%,74
a5a6 サイズ,0,1,0%,75
a2 card printing,0,1,0%,76
adhesive banner,0,1,0%,76
a1 board size,0,1,0%,77
a1 poster size cm,0,1,0%,78
a5 vs a6 paper size,0,1,0%,79
rgb for printing,0,1,0%,79
a2 poster size in cm,0,1,0%,81
a1 poster dimensions cm,0,1,0%,83
a2 poster sizes,0,1,0%,84
measurements of a2 poster,0,1,0%,84
stitch booklet,0,1,0%,85
iso 1345 packaging,0,1,0%,88
rollupbanner,0,1,0%,88
saddle-stitch booklets,0,1,0%,88
poster paper size,0,1,0%,89
saddle stitch catalogs,0,1,0%,89
what is a1 size poster,0,1,0%,89
wholesale catalog saddle stitching binding printing,0,1,0%,89
a3 posters size,0,1,0%,90
artisanbreadorganic coupons,0,1,0%,90
what are the dimensions of a1 poster,0,1,0%,90
"""catalog printing service"",""us, en"",""140"",""31.91"",""medium""",0,1,0%,91
a1 size,0,1,0%,92
what are the dimensions of an a1 poster,0,1,0%,94
紙質 種類,0,1,0%,95
print saddle stitch,0,1,0%,96
a1 size poster dimensions,0,1,0%,99
saddle stitched booklet,0,1,0%,99