id,slug,category,name_zh,name_en,name_ja,tag_line_zh,tag_sub_zh,tag_line_en,tag_sub_en,tag_line_ja,tag_sub_ja,prompt_zh_hk,prompt_en,prompt_ja,scene_keywords,target_audience,material_keywords,filename_zh_hk,filename_en,filename_ja,alt_zh_hk,alt_en,alt_ja
HERO-01,kraft-bag,paper-bags,專業牛皮紙袋印刷,Professional Kraft Paper Bags,クラフト紙袋印刷,牛皮紙袋｜HK$1.2起,環保材質・免費設計,Kraft Bags｜From HK$1.2,Eco-friendly · Free Design,クラフト紙袋｜HK$1.2〜,環境に優しい・無料デザイン,"16:9宽屏比例，8K超高清电商Banner图。右上角固定放置单一枚大红色(#DC2626)底色、白色粗体字(PingFang HK Bold)、白色3px描边的爆炸促销标签。标签主标题：牛皮紙袋｜HK$1.2起，副标题：環保材質・免費設計。标签外画面内绝对不出现任何其他文字、乱码、水印、品牌名、多标签。

前景为專業牛皮紙袋印刷产品实物展示，牛皮紙袋上印有品牌Logo「ZprintPro」、店鋪名稱「綠意咖啡」、地址「中環皇后大道中100號」、環保標語「Reduce Reuse Recycle」，牛皮紙、環保油墨、棉繩手挽工艺细节清晰可见。背景虚化零售店鋪門口/咖啡店外賣櫃檯/環保市集攤位，自然柔和暖色调灯光，营造高端商业氛围。产品占画面60%-70%，材质和工艺细节高清呈现。所有中文字符必须笔画完整准确，英文单词拼写正确、无粘连、无乱码。","16:9宽屏比例，8K超高清电商Banner图。右上角固定放置单一枚大红色(#DC2626)底色、白色粗体字(Inter Bold)、白色3px描边的爆炸促销标签。标签主标题：Kraft Bags｜From HK$1.2，副标题：Eco-friendly · Free Design。标签外画面内绝对不出现任何其他文字、乱码、水印、品牌名、多标签。

前景为Professional Kraft Paper Bags产品实物展示，Kraft bags printed with brand logo ""ZprintPro"", shop name ""Green Cafe"", address ""100 Queen's Road Central"", eco slogan ""Reduce Reuse Recycle""，kraft paper, eco-friendly ink, cotton rope handles工艺细节清晰可见。背景虚化retail storefront / coffee shop takeaway counter / eco market stall，自然柔和暖色调灯光，营造高端商业氛围。产品占画面60%-70%，材质和工艺细节高清呈现。All English words must be spelled correctly, no粘连, no gibberish。","16:9宽屏比例，8K超高清电商Banner图。右上角固定放置单一枚大红色(#DC2626)底色、白色粗体字(Hiragino Sans W6)、白色3px描边的爆炸促销标签。标签主标题：クラフト紙袋｜HK$1.2〜，副标题：環境に優しい・無料デザイン。标签外画面内绝对不出现任何其他文字、乱码、水印、品牌名、多标签。

前景为クラフト紙袋印刷产品实物展示，クラフト紙袋にブランドロゴ「ZprintPro」、店舗名「グリーンカフェ」、住所「クイーンズロードセントラル100番」、環保標語「Reduce Reuse Recycle」が印刷されている，クラフト紙、環境に優しいインク、綿紐持ち手工艺细节清晰可见。背景虚化小売店舗入口/コーヒーショップテイクアウトカウンター/エコマーケット屋台，自然柔和暖色调灯光，营造高端商业氛围。产品占画面60%-70%，材质和工艺细节高清呈现。すべての日本語文字が正確で、英単語のスペルが正しく、文字の重なりや乱码がないこと。","零售店鋪門口/咖啡店外賣櫃檯/環保市集攤位","零售店主、咖啡店、環保品牌","牛皮紙、環保油墨、棉繩手挽",hero-kraft-bag-zh-hk.jpg,hero-kraft-bag-en.jpg,hero-kraft-bag-ja.jpg,"專業牛皮紙袋印刷 - 環保材質，堅固耐用，適合零售外賣 HK$1.2起","Professional Kraft Paper Bags - Eco-friendly, durable, perfect for retail and takeout From HK$1.2","クラフト紙袋印刷 - 環境に優しく耐久性があり、小売やテイクアウトに最適 HK$1.2〜"
HERO-02,flyer,flyers,A4宣傳單張印刷,A4 Flyer Printing,A4チラシ印刷,A4宣傳單張｜HK$0.3起,彩色印刷・即日可取,A4 Flyers｜From HK$0.3,Full Color · Same Day,A4チラシ｜HK$0.3〜,フルカラー・当日受取,"16:9宽屏比例，8K超高清电商Banner图。右上角固定放置单一枚大红色(#DC2626)底色、白色粗体字(PingFang HK Bold)、白色3px描边的爆炸促销标签。标签主标题：A4宣傳單張｜HK$0.3起，副标题：彩色印刷・即日可取。标签外画面内绝对不出现任何其他文字、乱码、水印、品牌名、多标签。

前景为A4宣傳單張印刷产品实物展示，宣傳單張上印有活動信息「夏日音樂節」、日期「2026年7月15日」、地點「維多利亞公園」、優惠碼「ZPRINT20」、主辦方「ZprintPro文化傳播」，157g銅版紙、四色印刷工艺细节清晰可见。背景虚化商業街派發/展會派傳單/餐廳門口宣傳，自然柔和暖色调灯光，营造高端商业氛围。产品占画面60%-70%，材质和工艺细节高清呈现。所有中文字符必须笔画完整准确，英文单词拼写正确、无粘连、无乱码。","16:9宽屏比例，8K超高清电商Banner图。右上角固定放置单一枚大红色(#DC2626)底色、白色粗体字(Inter Bold)、白色3px描边的爆炸促销标签。标签主标题：A4 Flyers｜From HK$0.3，副标题：Full Color · Same Day。标签外画面内绝对不出现任何其他文字、乱码、水印、品牌名、多标签。

前景为A4 Flyer Printing产品实物展示，Flyer printed with event info ""Summer Music Festival"", date ""July 15, 2026"", venue ""Victoria Park"", promo code ""ZPRINT20"", organizer ""ZprintPro Cultural""，157g glossy art paper, 4-color printing工艺细节清晰可见。背景虚化street distribution / trade show handout / restaurant doorway promotion，自然柔和暖色调灯光，营造高端商业氛围。产品占画面60%-70%，材质和工艺细节高清呈现。All English words must be spelled correctly, no粘连, no gibberish。","16:9宽屏比例，8K超高清电商Banner图。右上角固定放置单一枚大红色(#DC2626)底色、白色粗体字(Hiragino Sans W6)、白色3px描边的爆炸促销标签。标签主标题：A4チラシ｜HK$0.3〜，副标题：フルカラー・当日受取。标签外画面内绝对不出现任何其他文字、乱码、水印、品牌名、多标签。

前景为A4チラシ印刷产品实物展示，チラシにイベント情報「サマーミュージックフェスティバル」、日付「2026年7月15日」、会場「ビクトリアパーク」、割引コード「ZPRINT20」、主催者「ZprintProカルチャー」が印刷されている，157gコート紙、4色印刷工艺细节清晰可见。背景虚化商業街配布/展示会配布/レストラン入り口宣伝，自然柔和暖色调灯光，营造高端商业氛围。产品占画面60%-70%，材质和工艺细节高清呈现。すべての日本語文字が正確で、英単語のスペルが正しく、文字の重なりや乱码がないこと。","商業街派發/展會派傳單/餐廳門口宣傳","活動主辦方、餐飲店、零售店","157g銅版紙、四色印刷",hero-flyer-zh-hk.jpg,hero-flyer-en.jpg,hero-flyer-ja.jpg,"A4宣傳單張印刷 - 彩色印刷，即日可取，宣傳首選 HK$0.3起","A4 Flyer Printing - Full color, same-day pickup, ideal for promotion From HK$0.3","A4チラシ印刷 - フルカラー、当日受取可能、宣伝に最適 HK$0.3〜"
HERO-03,sticker,stickers,防水貼紙印刷,Waterproof Sticker Printing,防水ステッカー印刷,防水貼紙｜HK$0.5起,PVC材質・多種形狀,Waterproof Stickers｜From HK$0.5,PVC Material · Various Shapes,防水ステッカー｜HK$0.5〜,PVC素材・様々な形状,"16:9宽屏比例，8K超高清电商Banner图。右上角固定放置单一枚大红色(#DC2626)底色、白色粗体字(PingFang HK Bold)、白色3px描边的爆炸促销标签。标签主标题：防水貼紙｜HK$0.5起，副标题：PVC材質・多種形狀。标签外画面内绝对不出现任何其他文字、乱码、水印、品牌名、多标签。

前景为防水貼紙印刷产品实物展示，貼紙上印有品牌Logo「ZprintPro」、產品名稱「有機蜂蜜」、重量「250g」、生產日期「2026.04.01」、條碼和環保標籤，PVC防水材質、防曬油墨工艺细节清晰可见。背景虚化產品包裝貼紙/車身貼紙/戶外標識，自然柔和暖色调灯光，营造高端商业氛围。产品占画面60%-70%，材质和工艺细节高清呈现。所有中文字符必须笔画完整准确，英文单词拼写正确、无粘连、无乱码。","16:9宽屏比例，8K超高清电商Banner图。右上角固定放置单一枚大红色(#DC2626)底色、白色粗体字(Inter Bold)、白色3px描边的爆炸促销标签。标签主标题：Waterproof Stickers｜From HK$0.5，副标题：PVC Material · Various Shapes。标签外画面内绝对不出现任何其他文字、乱码、水印、品牌名、多标签。

前景为Waterproof Sticker Printing产品实物展示，Stickers printed with brand logo ""ZprintPro"", product name ""Organic Honey"", weight ""250g"", production date ""2026.04.01"", barcode and eco label，PVC waterproof material, UV-resistant ink工艺细节清晰可见。背景虚化product packaging stickers / car decals / outdoor signage，自然柔和暖色调灯光，营造高端商业氛围。产品占画面60%-70%，材质和工艺细节高清呈现。All English words must be spelled correctly, no粘连, no gibberish。","16:9宽屏比例，8K超高清电商Banner图。右上角固定放置单一枚大红色(#DC2626)底色、白色粗体字(Hiragino Sans W6)、白色3px描边的爆炸促销标签。标签主标题：防水ステッカー｜HK$0.5〜，副标题：PVC素材・様々な形状。标签外画面内绝对不出现任何其他文字、乱码、水印、品牌名、多标签。

前景为防水ステッカー印刷产品实物展示，ステッカーにブランドロゴ「ZprintPro」、商品名「オーガニックハニー」、重量「250g」、生産日「2026.04.01」、バーコードと環保ラベルが印刷されている，PVC防水素材、UV耐性インク工艺细节清晰可见。背景虚化製品包装シール/車用ステッカー/屋外サイン，自然柔和暖色调灯光，营造高端商业氛围。产品占画面60%-70%，材质和工艺细节高清呈现。すべての日本語文字が正確で、英単語のスペルが正しく、文字の重なりや乱码がないこと。","產品包裝貼紙/車身貼紙/戶外標識","電商賣家、食品品牌、戶外用品","PVC防水材質、防曬油墨",hero-sticker-zh-hk.jpg,hero-sticker-en.jpg,hero-sticker-ja.jpg,"防水貼紙印刷 - 耐用材質，多種形狀，適用於任何表面 HK$0.5起","Waterproof Sticker Printing - Durable material, various shapes, for any surface From HK$0.5","防水ステッカー印刷 - 耐久性のある素材、様々な形状、あらゆる表面に対応 HK$0.5〜"
HERO-04,gift-box,packaging,包裝盒定制,Custom Gift Boxes,ギフトボックス定制,禮品盒定制｜HK$5起,精緻包裝・提升品牌,Gift Boxes｜From HK$5,Premium · Brand Elevation,ギフトボックス｜HK$5〜,高級感・ブランド向上,"16:9宽屏比例，8K超高清电商Banner图。右上角固定放置单一枚大红色(#DC2626)底色、白色粗体字(PingFang HK Bold)、白色3px描边的爆炸促销标签。标签主标题：禮品盒定制｜HK$5起，副标题：精緻包裝・提升品牌。标签外画面内绝对不出现任何其他文字、乱码、水印、品牌名、多标签。

前景为包裝盒定制产品实物展示，禮品盒上印有品牌Logo「ZprintPro」、產品名稱「頂級茶葉禮盒」、重量「200g」、成分表、生產日期、條碼和環保標籤，精緻燙金工藝，白卡紙、燙金工藝、UV光油工艺细节清晰可见。背景虚化高端禮品展示/化妝品櫃檯/茶葉專賣店，自然柔和暖色调灯光，营造高端商业氛围。产品占画面60%-70%，材质和工艺细节高清呈现。所有中文字符必须笔画完整准确，英文单词拼写正确、无粘连、无乱码。","16:9宽屏比例，8K超高清电商Banner图。右上角固定放置单一枚大红色(#DC2626)底色、白色粗体字(Inter Bold)、白色3px描边的爆炸促销标签。标签主标题：Gift Boxes｜From HK$5，副标题：Premium · Brand Elevation。标签外画面内绝对不出现任何其他文字、乱码、水印、品牌名、多标签。

前景为Custom Gift Boxes产品实物展示，Gift boxes printed with brand logo ""ZprintPro"", product name ""Premium Tea Gift Box"", weight ""200g"", ingredient list, production date, barcode and eco label, exquisite foil stamping，white card paper, foil stamping, UV coating工艺细节清晰可见。背景虚化luxury gift display / cosmetics counter / tea specialty shop，自然柔和暖色调灯光，营造高端商业氛围。产品占画面60%-70%，材质和工艺细节高清呈现。All English words must be spelled correctly, no粘连, no gibberish。","16:9宽屏比例，8K超高清电商Banner图。右上角固定放置单一枚大红色(#DC2626)底色、白色粗体字(Hiragino Sans W6)、白色3px描边的爆炸促销标签。标签主标题：ギフトボックス｜HK$5〜，副标题：高級感・ブランド向上。标签外画面内绝对不出现任何其他文字、乱码、水印、品牌名、多标签。

前景为ギフトボックス定制产品实物展示，ギフトボックスにブランドロゴ「ZprintPro」、商品名「プレミアムティーギフトボックス」、重量「200g」、成分表、生産日、バーコードと環保ラベル、精巧な箔押し加工が施されている，白カード紙、箔押し加工、UVコーティング工艺细节清晰可见。背景虚化高級ギフト展示/化粧品カウンター/茶専門店，自然柔和暖色调灯光，营造高端商业氛围。产品占画面60%-70%，材质和工艺细节高清呈现。すべての日本語文字が正確で、英単語のスペルが正しく、文字の重なりや乱码がないこと。","高端禮品展示/化妝品櫃檯/茶葉專賣店","高端品牌、化妝品、茶葉禮品","白卡紙、燙金工藝、UV光油",hero-gift-box-zh-hk.jpg,hero-gift-box-en.jpg,hero-gift-box-ja.jpg,"包裝盒定制 - 精緻包裝，提升品牌形象 HK$5起","Custom Gift Boxes - Premium packaging to elevate your brand From HK$5","ギフトボックス定制 - 高級感のある包装でブランド価値を向上 HK$5〜"
HERO-05,poster,posters,海報定制印刷,Custom Poster Printing,ポスター印刷,海報印刷｜HK$15起,大圖輸出・色彩鮮豔,Posters｜From HK$15,Large Format · Vivid Colors,ポスター印刷｜HK$15〜,大判出力・鮮やかな色彩,"16:9宽屏比例，8K超高清电商Banner图。右上角固定放置单一枚大红色(#DC2626)底色、白色粗体字(PingFang HK Bold)、白色3px描边的爆炸促销标签。标签主标题：海報印刷｜HK$15起，副标题：大圖輸出・色彩鮮豔。标签外画面内绝对不出现任何其他文字、乱码、水印、品牌名、多标签。

前景为海報定制印刷产品实物展示，海報上印有活動信息「香港國際電影節」、日期「2026年8月1-15日」、地點「香港文化中心」、主辦方「ZprintPro文化傳播」、明星照片和電影劇照，157g銅版紙、防水PP紙工艺细节清晰可见。背景虚化街頭廣告/商場促銷/展會背景牆，自然柔和暖色调灯光，营造高端商业氛围。产品占画面60%-70%，材质和工艺细节高清呈现。所有中文字符必须笔画完整准确，英文单词拼写正确、无粘连、无乱码。","16:9宽屏比例，8K超高清电商Banner图。右上角固定放置单一枚大红色(#DC2626)底色、白色粗体字(Inter Bold)、白色3px描边的爆炸促销标签。标签主标题：Posters｜From HK$15，副标题：Large Format · Vivid Colors。标签外画面内绝对不出现任何其他文字、乱码、水印、品牌名、多标签。

前景为Custom Poster Printing产品实物展示，Poster printed with event info ""Hong Kong International Film Festival"", date ""Aug 1-15, 2026"", venue ""Hong Kong Cultural Centre"", organizer ""ZprintPro Cultural"", celebrity photos and film stills，157g glossy art paper, waterproof PP paper工艺细节清晰可见。背景虚化street advertising / mall promotion / exhibition backdrop，自然柔和暖色调灯光，营造高端商业氛围。产品占画面60%-70%，材质和工艺细节高清呈现。All English words must be spelled correctly, no粘连, no gibberish。","16:9宽屏比例，8K超高清电商Banner图。右上角固定放置单一枚大红色(#DC2626)底色、白色粗体字(Hiragino Sans W6)、白色3px描边的爆炸促销标签。标签主标题：ポスター印刷｜HK$15〜，副标题：大判出力・鮮やかな色彩。标签外画面内绝对不出现任何其他文字、乱码、水印、品牌名、多标签。

前景为ポスター印刷产品实物展示，ポスターにイベント情報「香港国際映画祭」、日付「2026年8月1-15日」、会場「香港文化センター」、主催者「ZprintProカルチャー」、有名人写真と映画スチルが印刷されている，157gコート紙、防水PP紙工艺细节清晰可见。背景虚化街頭広告/モールプロモーション/展示会バックドロップ，自然柔和暖色调灯光，营造高端商业氛围。产品占画面60%-70%，材质和工艺细节高清呈现。すべての日本語文字が正確で、英単語のスペルが正しく、文字の重なりや乱码がないこと。","街頭廣告/商場促銷/展會背景牆","活動主辦方、品牌商場、電影院","157g銅版紙、防水PP紙",hero-poster-zh-hk.jpg,hero-poster-en.jpg,hero-poster-ja.jpg,"海報定制印刷 - 大圖輸出，色彩鮮豔，宣傳利器 HK$15起","Custom Poster Printing - Large format, vivid colors, great for advertising From HK$15","ポスター印刷 - 大判出力、鮮やかな色彩、広告に最適 HK$15〜"