SKU,Category,Slug,Product Name (ZH),Product Name (EN),Product Name (JA),Description (ZH),Description (EN),Description (JA),SEO Title (ZH),SEO Title (EN),SEO Title (JA),SEO Keywords (ZH),SEO Keywords (EN),SEO Keywords (JA),SEO Description (ZH),SEO Description (EN),SEO Description (JA),Static File Name
BC-001,business-cards,premium-business-cards,"高級商務咭片","Premium Business Cards","高級名刺","採用300g高級銅版紙，配合專業四色印刷，展現企業專業形象。可選啞膠或光膠表面處理，觸感細膩，色彩鮮豔持久。","300g premium glossy paper with professional 4-color printing. Optional matte or glossy lamination for a refined touch.","300g高級コート紙、プロ4色印刷。マットまたはグロスラミネーション選択可。","高級商務咭片 | 香港專業咭片印刷 | 智印港ZPrintPro","Premium Business Cards | Professional Business Cards Printing Hong Kong | ZPrintPro","高級名刺 | 香港名刺印刷 | ZPrintPro","高級商務咭片,咭片印刷,香港咭片,咭片定制,咭片印刷公司,智印港,即日咭片,急印咭片,觀塘咭片","Premium Business Cards,Business Cards printing Hong Kong,custom business cards,business cards printing,same day business cards,ZPrintPro,Kwun Tong printing","高級名刺,名刺印刷,香港名刺,名刺作成,名刺印刷会社,ZPrintPro,即日名刺","採用300g高級銅版紙，配合專業四色印刷，展現企業專業形象。可選啞膠或光膠表面處理，觸感細膩，色彩鮮豔持久。 智印港提供專業咭片印刷服務，品質保證，價格透明，即日交貨。ISO9001認證，觀塘實體工廠。","300g premium glossy paper with professional 4-color printing. Optional matte or ... ZPrintPro offers professional business cards printing in Hong Kong. Same-day delivery, ISO9001 certified, factory-direct pricing.","300g高級コート紙、プロ4色印刷。マットまたはグロスラミネーション選択可。 ZPrintProは香港の名刺印刷専門店。最短当日納品、ISO9001認証、工場直送価格。",premium-business-cards.html
BC-002,business-cards,thick-business-cards-400g,"厚身咭片(400g)","Thick Business Cards (400g)","厚紙名刺(400g)","400g超厚紙質，厚實手感彰顯尊貴品質。特別適合高端服務業、設計師、律師等專業人士。","400g ultra-thick paper with substantial feel. Perfect for high-end service industry, designers, lawyers.","400g超厚紙、重厚な質感。高級サービス業、デザイナー、弁護士向け。","厚身咭片(400g) | 香港專業咭片印刷 | 智印港ZPrintPro","Thick Business Cards (400g) | Professional Business Cards Printing Hong Kong | ZPrintPro","厚紙名刺(400g) | 香港名刺印刷 | ZPrintPro","厚身咭片(400g),咭片印刷,香港咭片,咭片定制,咭片印刷公司,智印港,即日咭片,急印咭片,觀塘咭片","Thick Business Cards (400g),Business Cards printing Hong Kong,custom business cards,business cards printing,same day business cards,ZPrintPro,Kwun Tong printing","厚紙名刺(400g),名刺印刷,香港名刺,名刺作成,名刺印刷会社,ZPrintPro,即日名刺","400g超厚紙質，厚實手感彰顯尊貴品質。特別適合高端服務業、設計師、律師等專業人士。 智印港提供專業咭片印刷服務，品質保證，價格透明，即日交貨。ISO9001認證，觀塘實體工廠。","400g ultra-thick paper with substantial feel. Perfect for high-end service indus... ZPrintPro offers professional business cards printing in Hong Kong. Same-day delivery, ISO9001 certified, factory-direct pricing.","400g超厚紙、重厚な質感。高級サービス業、デザイナー、弁護士向け。 ZPrintProは香港の名刺印刷専門店。最短当日納品、ISO9001認証、工場直送価格。",thick-business-cards-400g.html
BC-003,business-cards,foil-business-cards,"燙金/燙銀咭片","Foil Stamped Business Cards","箔押し名刺","局部燙金或燙銀工藝，在光線下閃耀奪目，瞬間提升品牌檔次。可燙金色、銀色、玫瑰金等多種顏色。","Foil stamping in gold or silver, shining under light to elevate brand image. Available in gold, silver, rose gold.","部分的な箔押し加工、光に輝いてブランドイメージ向上。金・銀・ローズゴールド対応。","燙金/燙銀咭片 | 香港專業咭片印刷 | 智印港ZPrintPro","Foil Stamped Business Cards | Professional Business Cards Printing Hong Kong | ZPrintPro","箔押し名刺 | 香港名刺印刷 | ZPrintPro","燙金/燙銀咭片,咭片印刷,香港咭片,咭片定制,咭片印刷公司,智印港,即日咭片,急印咭片,觀塘咭片","Foil Stamped Business Cards,Business Cards printing Hong Kong,custom business cards,business cards printing,same day business cards,ZPrintPro,Kwun Tong printing","箔押し名刺,名刺印刷,香港名刺,名刺作成,名刺印刷会社,ZPrintPro,即日名刺","局部燙金或燙銀工藝，在光線下閃耀奪目，瞬間提升品牌檔次。可燙金色、銀色、玫瑰金等多種顏色。 智印港提供專業咭片印刷服務，品質保證，價格透明，即日交貨。ISO9001認證，觀塘實體工廠。","Foil stamping in gold or silver, shining under light to elevate brand image. Ava... ZPrintPro offers professional business cards printing in Hong Kong. Same-day delivery, ISO9001 certified, factory-direct pricing.","部分的な箔押し加工、光に輝いてブランドイメージ向上。金・銀・ローズゴールド対応。 ZPrintProは香港の名刺印刷専門店。最短当日納品、ISO9001認証、工場直送価格。",foil-business-cards.html
BC-004,business-cards,spot-uv-business-cards,"UV局部光油咭片","Spot UV Business Cards","局部UV名刺","局部UV光油工藝，讓Logo或圖案呈現立體光澤效果，視覺衝擊力強。適合創意行業、設計公司。","Spot UV coating creates glossy, dimensional effects on logos or designs. Strong visual impact for creative industries.","部分UVコーティングでロゴやデザインに立体的な光沢効果。クリエイティブ業界向け。","UV局部光油咭片 | 香港專業咭片印刷 | 智印港ZPrintPro","Spot UV Business Cards | Professional Business Cards Printing Hong Kong | ZPrintPro","局部UV名刺 | 香港名刺印刷 | ZPrintPro","UV局部光油咭片,咭片印刷,香港咭片,咭片定制,咭片印刷公司,智印港,即日咭片,急印咭片,觀塘咭片","Spot UV Business Cards,Business Cards printing Hong Kong,custom business cards,business cards printing,same day business cards,ZPrintPro,Kwun Tong printing","局部UV名刺,名刺印刷,香港名刺,名刺作成,名刺印刷会社,ZPrintPro,即日名刺","局部UV光油工藝，讓Logo或圖案呈現立體光澤效果，視覺衝擊力強。適合創意行業、設計公司。 智印港提供專業咭片印刷服務，品質保證，價格透明，即日交貨。ISO9001認證，觀塘實體工廠。","Spot UV coating creates glossy, dimensional effects on logos or designs. Strong ... ZPrintPro offers professional business cards printing in Hong Kong. Same-day delivery, ISO9001 certified, factory-direct pricing.","部分UVコーティングでロゴやデザインに立体的な光沢効果。クリエイティブ業界向け。 ZPrintProは香港の名刺印刷専門店。最短当日納品、ISO9001認証、工場直送価格。",spot-uv-business-cards.html
BC-005,business-cards,matte-business-cards,"啞膠咭片","Matte Laminated Cards","マット名刺","啞膠表面處理，低調內斂的質感，不易留下指紋。適合注重細節的專業人士。","Matte lamination provides understated elegance and resists fingerprints. For detail-oriented professionals.","マットラミネーション加工、落ち着いた質感で指紋が付きにくい。","啞膠咭片 | 香港專業咭片印刷 | 智印港ZPrintPro","Matte Laminated Cards | Professional Business Cards Printing Hong Kong | ZPrintPro","マット名刺 | 香港名刺印刷 | ZPrintPro","啞膠咭片,咭片印刷,香港咭片,咭片定制,咭片印刷公司,智印港,即日咭片,急印咭片,觀塘咭片","Matte Laminated Cards,Business Cards printing Hong Kong,custom business cards,business cards printing,same day business cards,ZPrintPro,Kwun Tong printing","マット名刺,名刺印刷,香港名刺,名刺作成,名刺印刷会社,ZPrintPro,即日名刺","啞膠表面處理，低調內斂的質感，不易留下指紋。適合注重細節的專業人士。 智印港提供專業咭片印刷服務，品質保證，價格透明，即日交貨。ISO9001認證，觀塘實體工廠。","Matte lamination provides understated elegance and resists fingerprints. For det... ZPrintPro offers professional business cards printing in Hong Kong. Same-day delivery, ISO9001 certified, factory-direct pricing.","マットラミネーション加工、落ち着いた質感で指紋が付きにくい。 ZPrintProは香港の名刺印刷専門店。最短当日納品、ISO9001認証、工場直送価格。",matte-business-cards.html
BC-006,business-cards,rounded-corner-cards,"圓角咭片","Rounded Corner Cards","丸角名刺","圓角設計，柔和美觀且不易折損。展現與眾不同的品味，適合創意產業。","Rounded corners for soft aesthetics and durability. Shows unique taste, perfect for creative industries.","丸角デザイン、柔らかく美しく折れにくい。クリエイティブ業界向け。","圓角咭片 | 香港專業咭片印刷 | 智印港ZPrintPro","Rounded Corner Cards | Professional Business Cards Printing Hong Kong | ZPrintPro","丸角名刺 | 香港名刺印刷 | ZPrintPro","圓角咭片,咭片印刷,香港咭片,咭片定制,咭片印刷公司,智印港,即日咭片,急印咭片,觀塘咭片","Rounded Corner Cards,Business Cards printing Hong Kong,custom business cards,business cards printing,same day business cards,ZPrintPro,Kwun Tong printing","丸角名刺,名刺印刷,香港名刺,名刺作成,名刺印刷会社,ZPrintPro,即日名刺","圓角設計，柔和美觀且不易折損。展現與眾不同的品味，適合創意產業。 智印港提供專業咭片印刷服務，品質保證，價格透明，即日交貨。ISO9001認證，觀塘實體工廠。","Rounded corners for soft aesthetics and durability. Shows unique taste, perfect ... ZPrintPro offers professional business cards printing in Hong Kong. Same-day delivery, ISO9001 certified, factory-direct pricing.","丸角デザイン、柔らかく美しく折れにくい。クリエイティブ業界向け。 ZPrintProは香港の名刺印刷専門店。最短当日納品、ISO9001認証、工場直送価格。",rounded-corner-cards.html
BC-007,business-cards,double-sided-cards,"雙面咭片","Double-sided Cards","両面名刺","雙面全彩印刷，充分利用空間展示更多信息。背面可印公司理念、產品介紹或聯絡方式。","Double-sided full color printing maximizes space for information. Back can show company values, products, or contact details.","両面フルカラー印刷で情報スペースを最大限に活用。","雙面咭片 | 香港專業咭片印刷 | 智印港ZPrintPro","Double-sided Cards | Professional Business Cards Printing Hong Kong | ZPrintPro","両面名刺 | 香港名刺印刷 | ZPrintPro","雙面咭片,咭片印刷,香港咭片,咭片定制,咭片印刷公司,智印港,即日咭片,急印咭片,觀塘咭片","Double-sided Cards,Business Cards printing Hong Kong,custom business cards,business cards printing,same day business cards,ZPrintPro,Kwun Tong printing","両面名刺,名刺印刷,香港名刺,名刺作成,名刺印刷会社,ZPrintPro,即日名刺","雙面全彩印刷，充分利用空間展示更多信息。背面可印公司理念、產品介紹或聯絡方式。 智印港提供專業咭片印刷服務，品質保證，價格透明，即日交貨。ISO9001認證，觀塘實體工廠。","Double-sided full color printing maximizes space for information. Back can show ... ZPrintPro offers professional business cards printing in Hong Kong. Same-day delivery, ISO9001 certified, factory-direct pricing.","両面フルカラー印刷で情報スペースを最大限に活用。 ZPrintProは香港の名刺印刷専門店。最短当日納品、ISO9001認証、工場直送価格。",double-sided-cards.html
BC-008,business-cards,same-day-business-cards,"即日咭片印刷","Same-day Business Cards","即日名刺","緊急需求首選，最快4小時取貨。品質不打折，急件也能展現專業形象。","Emergency orders, ready in 4 hours. Quality not compromised, rush orders still look professional.","緊急注文に最適、最短4時間で受取。品質を損なわず。","即日咭片印刷 | 香港專業咭片印刷 | 智印港ZPrintPro","Same-day Business Cards | Professional Business Cards Printing Hong Kong | ZPrintPro","即日名刺 | 香港名刺印刷 | ZPrintPro","即日咭片印刷,咭片印刷,香港咭片,咭片定制,咭片印刷公司,智印港,即日咭片,急印咭片,觀塘咭片","Same-day Business Cards,Business Cards printing Hong Kong,custom business cards,business cards printing,same day business cards,ZPrintPro,Kwun Tong printing","即日名刺,名刺印刷,香港名刺,名刺作成,名刺印刷会社,ZPrintPro,即日名刺","緊急需求首選，最快4小時取貨。品質不打折，急件也能展現專業形象。 智印港提供專業咭片印刷服務，品質保證，價格透明，即日交貨。ISO9001認證，觀塘實體工廠。","Emergency orders, ready in 4 hours. Quality not compromised, rush orders still l... ZPrintPro offers professional business cards printing in Hong Kong. Same-day delivery, ISO9001 certified, factory-direct pricing.","緊急注文に最適、最短4時間で受取。品質を損なわず。 ZPrintProは香港の名刺印刷専門店。最短当日納品、ISO9001認証、工場直送価格。",same-day-business-cards.html
BC-009,business-cards,eco-business-cards,"環保再生紙咭片","Eco-friendly Recycled Cards","再生紙名刺","採用FSC認證環保再生紙，展現企業社會責任。質樸自然的風格，適合環保品牌。","FSC-certified recycled paper showing corporate social responsibility. Natural style for eco-friendly brands.","FSC認証再生紙、企業の社会的責任を示す。エコブランド向け。","環保再生紙咭片 | 香港專業咭片印刷 | 智印港ZPrintPro","Eco-friendly Recycled Cards | Professional Business Cards Printing Hong Kong | ZPrintPro","再生紙名刺 | 香港名刺印刷 | ZPrintPro","環保再生紙咭片,咭片印刷,香港咭片,咭片定制,咭片印刷公司,智印港,即日咭片,急印咭片,觀塘咭片","Eco-friendly Recycled Cards,Business Cards printing Hong Kong,custom business cards,business cards printing,same day business cards,ZPrintPro,Kwun Tong printing","再生紙名刺,名刺印刷,香港名刺,名刺作成,名刺印刷会社,ZPrintPro,即日名刺","採用FSC認證環保再生紙，展現企業社會責任。質樸自然的風格，適合環保品牌。 智印港提供專業咭片印刷服務，品質保證，價格透明，即日交貨。ISO9001認證，觀塘實體工廠。","FSC-certified recycled paper showing corporate social responsibility. Natural st... ZPrintPro offers professional business cards printing in Hong Kong. Same-day delivery, ISO9001 certified, factory-direct pricing.","FSC認証再生紙、企業の社会的責任を示す。エコブランド向け。 ZPrintProは香港の名刺印刷専門店。最短当日納品、ISO9001認証、工場直送価格。",eco-business-cards.html
ST-001,stickers,waterproof-stickers,"防水貼紙","Waterproof Stickers","防水ステッカー","PVC材質防水貼紙，具有出色的防水、防曬、耐磨性能。適合戶外使用、產品標籤、車身貼紙等場景。","PVC waterproof stickers with excellent water, UV, and abrasion resistance. Perfect for outdoor use, product labels, car decals.","PVC防水ステッカー、優れた防水・UV・耐摩耗性。屋外使用、製品ラベル、車用ステッカーに最適。","防水貼紙 | 香港專業貼紙印刷 | 智印港ZPrintPro","Waterproof Stickers | Professional Stickers Printing Hong Kong | ZPrintPro","防水ステッカー | 香港ステッカー印刷 | ZPrintPro","防水貼紙,貼紙印刷,香港貼紙,貼紙定制,貼紙印刷公司,智印港,即日貼紙,急印貼紙,觀塘貼紙","Waterproof Stickers,Stickers printing Hong Kong,custom stickers,stickers printing,same day stickers,ZPrintPro,Kwun Tong printing","防水ステッカー,ステッカー印刷,香港ステッカー,ステッカー作成,ステッカー印刷会社,ZPrintPro,即日ステッカー","PVC材質防水貼紙，具有出色的防水、防曬、耐磨性能。適合戶外使用、產品標籤、車身貼紙等場景。 智印港提供專業貼紙印刷服務，品質保證，價格透明，即日交貨。ISO9001認證，觀塘實體工廠。","PVC waterproof stickers with excellent water, UV, and abrasion resistance. Perfe... ZPrintPro offers professional stickers printing in Hong Kong. Same-day delivery, ISO9001 certified, factory-direct pricing.","PVC防水ステッカー、優れた防水・UV・耐摩耗性。屋外使用、製品ラベル、車用ステッカーに最適。 ZPrintProは香港のステッカー印刷専門店。最短当日納品、ISO9001認証、工場直送価格。",waterproof-stickers.html
ST-002,stickers,transparent-stickers,"透明貼紙","Transparent Stickers","透明ステッカー","透明PET材質，貼合後呈現無感效果，完美展現產品本身。適合化妝品、食品包裝、玻璃貼飾。","Transparent PET material creates invisible effect when applied. Perfect for cosmetics, food packaging, glass decoration.","透明PET素材、貼り付け後無感効果。化粧品、食品包装、ガラス装飾に最適。","透明貼紙 | 香港專業貼紙印刷 | 智印港ZPrintPro","Transparent Stickers | Professional Stickers Printing Hong Kong | ZPrintPro","透明ステッカー | 香港ステッカー印刷 | ZPrintPro","透明貼紙,貼紙印刷,香港貼紙,貼紙定制,貼紙印刷公司,智印港,即日貼紙,急印貼紙,觀塘貼紙","Transparent Stickers,Stickers printing Hong Kong,custom stickers,stickers printing,same day stickers,ZPrintPro,Kwun Tong printing","透明ステッカー,ステッカー印刷,香港ステッカー,ステッカー作成,ステッカー印刷会社,ZPrintPro,即日ステッカー","透明PET材質，貼合後呈現無感效果，完美展現產品本身。適合化妝品、食品包裝、玻璃貼飾。 智印港提供專業貼紙印刷服務，品質保證，價格透明，即日交貨。ISO9001認證，觀塘實體工廠。","Transparent PET material creates invisible effect when applied. Perfect for cosm... ZPrintPro offers professional stickers printing in Hong Kong. Same-day delivery, ISO9001 certified, factory-direct pricing.","透明PET素材、貼り付け後無感効果。化粧品、食品包装、ガラス装飾に最適。 ZPrintProは香港のステッカー印刷専門店。最短当日納品、ISO9001認証、工場直送価格。",transparent-stickers.html
ST-003,stickers,removable-stickers,"可移貼紙(無殘膠)","Removable Stickers","はがせるステッカー","特殊背膠設計，移除後不留殘膠，保護貼附表面。適合車窗、玻璃櫥窗、短期展覽。","Special adhesive design leaves no residue when removed. Perfect for car windows, glass displays, short-term exhibitions.","特殊粘着設計、剥がしても残りません。車窓、ガラス展示、短期展示会に最適。","可移貼紙(無殘膠) | 香港專業貼紙印刷 | 智印港ZPrintPro","Removable Stickers | Professional Stickers Printing Hong Kong | ZPrintPro","はがせるステッカー | 香港ステッカー印刷 | ZPrintPro","可移貼紙(無殘膠),貼紙印刷,香港貼紙,貼紙定制,貼紙印刷公司,智印港,即日貼紙,急印貼紙,觀塘貼紙","Removable Stickers,Stickers printing Hong Kong,custom stickers,stickers printing,same day stickers,ZPrintPro,Kwun Tong printing","はがせるステッカー,ステッカー印刷,香港ステッカー,ステッカー作成,ステッカー印刷会社,ZPrintPro,即日ステッカー","特殊背膠設計，移除後不留殘膠，保護貼附表面。適合車窗、玻璃櫥窗、短期展覽。 智印港提供專業貼紙印刷服務，品質保證，價格透明，即日交貨。ISO9001認證，觀塘實體工廠。","Special adhesive design leaves no residue when removed. Perfect for car windows,... ZPrintPro offers professional stickers printing in Hong Kong. Same-day delivery, ISO9001 certified, factory-direct pricing.","特殊粘着設計、剥がしても残りません。車窓、ガラス展示、短期展示会に最適。 ZPrintProは香港のステッカー印刷専門店。最短当日納品、ISO9001認証、工場直送価格。",removable-stickers.html
ST-004,stickers,small-batch-stickers,"小批量貼紙","Small Batch Stickers","小ロットステッカー","最低A4尺寸起印，無需大量庫存壓力。適合初創品牌、活動宣傳、個人創作。","Minimum A4 size order, no bulk inventory pressure. Perfect for startups, event promotion, personal creations.","最小A4サイズから、大量在庫の心配なし。スタートアップ、イベント宣伝、個人創作に最適。","小批量貼紙 | 香港專業貼紙印刷 | 智印港ZPrintPro","Small Batch Stickers | Professional Stickers Printing Hong Kong | ZPrintPro","小ロットステッカー | 香港ステッカー印刷 | ZPrintPro","小批量貼紙,貼紙印刷,香港貼紙,貼紙定制,貼紙印刷公司,智印港,即日貼紙,急印貼紙,觀塘貼紙","Small Batch Stickers,Stickers printing Hong Kong,custom stickers,stickers printing,same day stickers,ZPrintPro,Kwun Tong printing","小ロットステッカー,ステッカー印刷,香港ステッカー,ステッカー作成,ステッカー印刷会社,ZPrintPro,即日ステッカー","最低A4尺寸起印，無需大量庫存壓力。適合初創品牌、活動宣傳、個人創作。 智印港提供專業貼紙印刷服務，品質保證，價格透明，即日交貨。ISO9001認證，觀塘實體工廠。","Minimum A4 size order, no bulk inventory pressure. Perfect for startups, event p... ZPrintPro offers professional stickers printing in Hong Kong. Same-day delivery, ISO9001 certified, factory-direct pricing.","最小A4サイズから、大量在庫の心配なし。スタートアップ、イベント宣伝、個人創作に最適。 ZPrintProは香港のステッカー印刷専門店。最短当日納品、ISO9001認証、工場直送価格。",small-batch-stickers.html
ST-005,stickers,die-cut-stickers,"異形模切貼紙","Die-cut Stickers","型抜きステッカー","任意形狀模切，讓創意不受限制。可切出Logo形狀、卡通形象等獨特輪廓。","Any shape die-cutting, creativity without limits. Can cut logo shapes, cartoon characters, unique contours.","任意形状の型抜き、創作の自由を制限しません。","異形模切貼紙 | 香港專業貼紙印刷 | 智印港ZPrintPro","Die-cut Stickers | Professional Stickers Printing Hong Kong | ZPrintPro","型抜きステッカー | 香港ステッカー印刷 | ZPrintPro","異形模切貼紙,貼紙印刷,香港貼紙,貼紙定制,貼紙印刷公司,智印港,即日貼紙,急印貼紙,觀塘貼紙","Die-cut Stickers,Stickers printing Hong Kong,custom stickers,stickers printing,same day stickers,ZPrintPro,Kwun Tong printing","型抜きステッカー,ステッカー印刷,香港ステッカー,ステッカー作成,ステッカー印刷会社,ZPrintPro,即日ステッカー","任意形狀模切，讓創意不受限制。可切出Logo形狀、卡通形象等獨特輪廓。 智印港提供專業貼紙印刷服務，品質保證，價格透明，即日交貨。ISO9001認證，觀塘實體工廠。","Any shape die-cutting, creativity without limits. Can cut logo shapes, cartoon c... ZPrintPro offers professional stickers printing in Hong Kong. Same-day delivery, ISO9001 certified, factory-direct pricing.","任意形状の型抜き、創作の自由を制限しません。 ZPrintProは香港のステッカー印刷専門店。最短当日納品、ISO9001認証、工場直送価格。",die-cut-stickers.html
ST-006,stickers,foil-stickers,"燙金貼紙","Foil Stickers","箔押しステッカー","燙金工藝，讓貼紙呈現高級質感。適合高端產品標籤、禮品包裝、VIP標識。","Foil stamping gives stickers premium quality feel. Perfect for luxury product labels, gift packaging, VIP badges.","箔押し加工でステッカーに高級感。高級製品ラベル、ギフト包装、VIPバッジに最適。","燙金貼紙 | 香港專業貼紙印刷 | 智印港ZPrintPro","Foil Stickers | Professional Stickers Printing Hong Kong | ZPrintPro","箔押しステッカー | 香港ステッカー印刷 | ZPrintPro","燙金貼紙,貼紙印刷,香港貼紙,貼紙定制,貼紙印刷公司,智印港,即日貼紙,急印貼紙,觀塘貼紙","Foil Stickers,Stickers printing Hong Kong,custom stickers,stickers printing,same day stickers,ZPrintPro,Kwun Tong printing","箔押しステッカー,ステッカー印刷,香港ステッカー,ステッカー作成,ステッカー印刷会社,ZPrintPro,即日ステッカー","燙金工藝，讓貼紙呈現高級質感。適合高端產品標籤、禮品包裝、VIP標識。 智印港提供專業貼紙印刷服務，品質保證，價格透明，即日交貨。ISO9001認證，觀塘實體工廠。","Foil stamping gives stickers premium quality feel. Perfect for luxury product la... ZPrintPro offers professional stickers printing in Hong Kong. Same-day delivery, ISO9001 certified, factory-direct pricing.","箔押し加工でステッカーに高級感。高級製品ラベル、ギフト包装、VIPバッジに最適。 ZPrintProは香港のステッカー印刷専門店。最短当日納品、ISO9001認証、工場直送価格。",foil-stickers.html
ST-007,stickers,security-stickers,"防偽貼紙","Security Stickers","セキュリティステッカー","特殊防偽工藝，包括雷射標籤、易碎紙等，保護品牌免受假冒。","Special anti-counterfeiting processes including holographic labels, fragile paper, protecting brands from counterfeiting.","特殊な偽造防止加工、ホログラムラベル、壊れやすい紙など。","防偽貼紙 | 香港專業貼紙印刷 | 智印港ZPrintPro","Security Stickers | Professional Stickers Printing Hong Kong | ZPrintPro","セキュリティステッカー | 香港ステッカー印刷 | ZPrintPro","防偽貼紙,貼紙印刷,香港貼紙,貼紙定制,貼紙印刷公司,智印港,即日貼紙,急印貼紙,觀塘貼紙","Security Stickers,Stickers printing Hong Kong,custom stickers,stickers printing,same day stickers,ZPrintPro,Kwun Tong printing","セキュリティステッカー,ステッカー印刷,香港ステッカー,ステッカー作成,ステッカー印刷会社,ZPrintPro,即日ステッカー","特殊防偽工藝，包括雷射標籤、易碎紙等，保護品牌免受假冒。 智印港提供專業貼紙印刷服務，品質保證，價格透明，即日交貨。ISO9001認證，觀塘實體工廠。","Special anti-counterfeiting processes including holographic labels, fragile pape... ZPrintPro offers professional stickers printing in Hong Kong. Same-day delivery, ISO9001 certified, factory-direct pricing.","特殊な偽造防止加工、ホログラムラベル、壊れやすい紙など。 ZPrintProは香港のステッカー印刷専門店。最短当日納品、ISO9001認証、工場直送価格。",security-stickers.html
ST-008,stickers,fluorescent-stickers,"螢光貼紙","Fluorescent Stickers","蛍光ステッカー","螢光色彩，在光線下格外醒目。適合促銷標籤、安全標識、活動裝飾。","Fluorescent colors, highly visible under light. Perfect for promotional labels, safety signs, event decoration.","蛍光色、光の下で非常に目立ちます。プロモーションラベル、安全標識、イベント装飾に最適。","螢光貼紙 | 香港專業貼紙印刷 | 智印港ZPrintPro","Fluorescent Stickers | Professional Stickers Printing Hong Kong | ZPrintPro","蛍光ステッカー | 香港ステッカー印刷 | ZPrintPro","螢光貼紙,貼紙印刷,香港貼紙,貼紙定制,貼紙印刷公司,智印港,即日貼紙,急印貼紙,觀塘貼紙","Fluorescent Stickers,Stickers printing Hong Kong,custom stickers,stickers printing,same day stickers,ZPrintPro,Kwun Tong printing","蛍光ステッカー,ステッカー印刷,香港ステッカー,ステッカー作成,ステッカー印刷会社,ZPrintPro,即日ステッカー","螢光色彩，在光線下格外醒目。適合促銷標籤、安全標識、活動裝飾。 智印港提供專業貼紙印刷服務，品質保證，價格透明，即日交貨。ISO9001認證，觀塘實體工廠。","Fluorescent colors, highly visible under light. Perfect for promotional labels, ... ZPrintPro offers professional stickers printing in Hong Kong. Same-day delivery, ISO9001 certified, factory-direct pricing.","蛍光色、光の下で非常に目立ちます。プロモーションラベル、安全標識、イベント装飾に最適。 ZPrintProは香港のステッカー印刷専門店。最短当日納品、ISO9001認証、工場直送価格。",fluorescent-stickers.html
PB-001,paper-bags,kraft-paper-bags,"牛皮紙袋","Kraft Paper Bags","クラフト紙袋","環保牛皮紙材質，質樸自然，深受消費者喜愛。適合服裝店、禮品店、咖啡店。多種尺寸可選，可定制Logo印刷。","Eco-friendly kraft paper, natural and rustic, loved by consumers. Perfect for clothing stores, gift shops, coffee shops.","環境に優しいクラフト紙、質朴で自然、消費者に人気。衣料品店、ギフトショップ、コーヒーショップに最適。","牛皮紙袋 | 香港專業紙袋印刷 | 智印港ZPrintPro","Kraft Paper Bags | Professional Paper Bags Printing Hong Kong | ZPrintPro","クラフト紙袋 | 香港紙袋印刷 | ZPrintPro","牛皮紙袋,紙袋印刷,香港紙袋,紙袋定制,紙袋印刷公司,智印港,即日紙袋,急印紙袋,觀塘紙袋","Kraft Paper Bags,Paper Bags printing Hong Kong,custom paper bags,paper bags printing,same day paper bags,ZPrintPro,Kwun Tong printing","クラフト紙袋,紙袋印刷,香港紙袋,紙袋作成,紙袋印刷会社,ZPrintPro,即日紙袋","環保牛皮紙材質，質樸自然，深受消費者喜愛。適合服裝店、禮品店、咖啡店。多種尺寸可選，可定制Logo印刷。 智印港提供專業紙袋印刷服務，品質保證，價格透明，即日交貨。ISO9001認證，觀塘實體工廠。","Eco-friendly kraft paper, natural and rustic, loved by consumers. Perfect for cl... ZPrintPro offers professional paper bags printing in Hong Kong. Same-day delivery, ISO9001 certified, factory-direct pricing.","環境に優しいクラフト紙、質朴で自然、消費者に人気。衣料品店、ギフトショップ、コーヒーショップに最適。 ZPrintProは香港の紙袋印刷専門店。最短当日納品、ISO9001認証、工場直送価格。",kraft-paper-bags.html
PB-002,paper-bags,white-card-bags,"白卡紙袋","White Card Bags","白カード紙袋","白卡紙材質，表面平整光滑，印刷效果佳。適合高端品牌、化妝品店。","White card paper, smooth surface, excellent printing effect. Perfect for high-end brands, cosmetic stores.","白カード紙、表面が滑らかで印刷効果が抜群。高級ブランド、化粧品店に最適。","白卡紙袋 | 香港專業紙袋印刷 | 智印港ZPrintPro","White Card Bags | Professional Paper Bags Printing Hong Kong | ZPrintPro","白カード紙袋 | 香港紙袋印刷 | ZPrintPro","白卡紙袋,紙袋印刷,香港紙袋,紙袋定制,紙袋印刷公司,智印港,即日紙袋,急印紙袋,觀塘紙袋","White Card Bags,Paper Bags printing Hong Kong,custom paper bags,paper bags printing,same day paper bags,ZPrintPro,Kwun Tong printing","白カード紙袋,紙袋印刷,香港紙袋,紙袋作成,紙袋印刷会社,ZPrintPro,即日紙袋","白卡紙材質，表面平整光滑，印刷效果佳。適合高端品牌、化妝品店。 智印港提供專業紙袋印刷服務，品質保證，價格透明，即日交貨。ISO9001認證，觀塘實體工廠。","White card paper, smooth surface, excellent printing effect. Perfect for high-en... ZPrintPro offers professional paper bags printing in Hong Kong. Same-day delivery, ISO9001 certified, factory-direct pricing.","白カード紙、表面が滑らかで印刷効果が抜群。高級ブランド、化粧品店に最適。 ZPrintProは香港の紙袋印刷専門店。最短当日納品、ISO9001認証、工場直送価格。",white-card-bags.html
PB-003,paper-bags,gift-bags,"禮品紙袋","Gift Bags","ギフト紙袋","精美設計，配合燙金、UV等工藝。送禮必備，提升禮品檔次。","Exquisite design with foil stamping, UV and other processes. Essential for gifting, elevates gift quality.","精巧なデザイン、箔押し・UVなどの加工付き。ギフトに必須、ギフトの質を向上。","禮品紙袋 | 香港專業紙袋印刷 | 智印港ZPrintPro","Gift Bags | Professional Paper Bags Printing Hong Kong | ZPrintPro","ギフト紙袋 | 香港紙袋印刷 | ZPrintPro","禮品紙袋,紙袋印刷,香港紙袋,紙袋定制,紙袋印刷公司,智印港,即日紙袋,急印紙袋,觀塘紙袋","Gift Bags,Paper Bags printing Hong Kong,custom paper bags,paper bags printing,same day paper bags,ZPrintPro,Kwun Tong printing","ギフト紙袋,紙袋印刷,香港紙袋,紙袋作成,紙袋印刷会社,ZPrintPro,即日紙袋","精美設計，配合燙金、UV等工藝。送禮必備，提升禮品檔次。 智印港提供專業紙袋印刷服務，品質保證，價格透明，即日交貨。ISO9001認證，觀塘實體工廠。","Exquisite design with foil stamping, UV and other processes. Essential for gifti... ZPrintPro offers professional paper bags printing in Hong Kong. Same-day delivery, ISO9001 certified, factory-direct pricing.","精巧なデザイン、箔押し・UVなどの加工付き。ギフトに必須、ギフトの質を向上。 ZPrintProは香港の紙袋印刷専門店。最短当日納品、ISO9001認証、工場直送価格。",gift-bags.html
PB-004,paper-bags,eco-paper-bags,"環保紙袋","Eco Paper Bags","エコ紙袋","FSC認證環保紙張，可持續發展。適合注重環保的品牌。","FSC-certified eco-friendly paper, sustainable development. Perfect for environmentally conscious brands.","FSC認証の環境に優しい紙、持続可能な開発。環境に配慮するブランドに最適。","環保紙袋 | 香港專業紙袋印刷 | 智印港ZPrintPro","Eco Paper Bags | Professional Paper Bags Printing Hong Kong | ZPrintPro","エコ紙袋 | 香港紙袋印刷 | ZPrintPro","環保紙袋,紙袋印刷,香港紙袋,紙袋定制,紙袋印刷公司,智印港,即日紙袋,急印紙袋,觀塘紙袋","Eco Paper Bags,Paper Bags printing Hong Kong,custom paper bags,paper bags printing,same day paper bags,ZPrintPro,Kwun Tong printing","エコ紙袋,紙袋印刷,香港紙袋,紙袋作成,紙袋印刷会社,ZPrintPro,即日紙袋","FSC認證環保紙張，可持續發展。適合注重環保的品牌。 智印港提供專業紙袋印刷服務，品質保證，價格透明，即日交貨。ISO9001認證，觀塘實體工廠。","FSC-certified eco-friendly paper, sustainable development. Perfect for environme... ZPrintPro offers professional paper bags printing in Hong Kong. Same-day delivery, ISO9001 certified, factory-direct pricing.","FSC認証の環境に優しい紙、持続可能な開発。環境に配慮するブランドに最適。 ZPrintProは香港の紙袋印刷専門店。最短当日納品、ISO9001認証、工場直送価格。",eco-paper-bags.html
PB-005,paper-bags,handle-bags,"手挽紙袋","Handle Bags","手提げ紙袋","堅固手挽設計，承重能力強。適合購物中心、超市。","Sturdy handle design, strong load-bearing capacity. Perfect for shopping centers, supermarkets.","頑丈な持ち手デザイン、強い耐荷重能力。ショッピングセンター、スーパーに最適。","手挽紙袋 | 香港專業紙袋印刷 | 智印港ZPrintPro","Handle Bags | Professional Paper Bags Printing Hong Kong | ZPrintPro","手提げ紙袋 | 香港紙袋印刷 | ZPrintPro","手挽紙袋,紙袋印刷,香港紙袋,紙袋定制,紙袋印刷公司,智印港,即日紙袋,急印紙袋,觀塘紙袋","Handle Bags,Paper Bags printing Hong Kong,custom paper bags,paper bags printing,same day paper bags,ZPrintPro,Kwun Tong printing","手提げ紙袋,紙袋印刷,香港紙袋,紙袋作成,紙袋印刷会社,ZPrintPro,即日紙袋","堅固手挽設計，承重能力強。適合購物中心、超市。 智印港提供專業紙袋印刷服務，品質保證，價格透明，即日交貨。ISO9001認證，觀塘實體工廠。","Sturdy handle design, strong load-bearing capacity. Perfect for shopping centers... ZPrintPro offers professional paper bags printing in Hong Kong. Same-day delivery, ISO9001 certified, factory-direct pricing.","頑丈な持ち手デザイン、強い耐荷重能力。ショッピングセンター、スーパーに最適。 ZPrintProは香港の紙袋印刷専門店。最短当日納品、ISO9001認証、工場直送価格。",handle-bags.html
PB-006,paper-bags,small-bags,"小號紙袋","Small Bags","小判紙袋","小巧尺寸，適合首飾、化妝品等小件商品。","Compact size, perfect for jewelry, cosmetics and other small items.","コンパクトなサイズ、アクセサリー、化粧品などの小物に最適。","小號紙袋 | 香港專業紙袋印刷 | 智印港ZPrintPro","Small Bags | Professional Paper Bags Printing Hong Kong | ZPrintPro","小判紙袋 | 香港紙袋印刷 | ZPrintPro","小號紙袋,紙袋印刷,香港紙袋,紙袋定制,紙袋印刷公司,智印港,即日紙袋,急印紙袋,觀塘紙袋","Small Bags,Paper Bags printing Hong Kong,custom paper bags,paper bags printing,same day paper bags,ZPrintPro,Kwun Tong printing","小判紙袋,紙袋印刷,香港紙袋,紙袋作成,紙袋印刷会社,ZPrintPro,即日紙袋","小巧尺寸，適合首飾、化妝品等小件商品。 智印港提供專業紙袋印刷服務，品質保證，價格透明，即日交貨。ISO9001認證，觀塘實體工廠。","Compact size, perfect for jewelry, cosmetics and other small items. ZPrintPro offers professional paper bags printing in Hong Kong. Same-day delivery, ISO9001 certified, factory-direct pricing.","コンパクトなサイズ、アクセサリー、化粧品などの小物に最適。 ZPrintProは香港の紙袋印刷専門店。最短当日納品、ISO9001認証、工場直送価格。",small-bags.html
PB-007,paper-bags,large-bags,"大號紙袋","Large Bags","大判紙袋","加大尺寸，適合服裝、鞋類等大件商品。","Large size, perfect for clothing, shoes and other large items.","大きなサイズ、衣類、靴などの大物に最適。","大號紙袋 | 香港專業紙袋印刷 | 智印港ZPrintPro","Large Bags | Professional Paper Bags Printing Hong Kong | ZPrintPro","大判紙袋 | 香港紙袋印刷 | ZPrintPro","大號紙袋,紙袋印刷,香港紙袋,紙袋定制,紙袋印刷公司,智印港,即日紙袋,急印紙袋,觀塘紙袋","Large Bags,Paper Bags printing Hong Kong,custom paper bags,paper bags printing,same day paper bags,ZPrintPro,Kwun Tong printing","大判紙袋,紙袋印刷,香港紙袋,紙袋作成,紙袋印刷会社,ZPrintPro,即日紙袋","加大尺寸，適合服裝、鞋類等大件商品。 智印港提供專業紙袋印刷服務，品質保證，價格透明，即日交貨。ISO9001認證，觀塘實體工廠。","Large size, perfect for clothing, shoes and other large items. ZPrintPro offers professional paper bags printing in Hong Kong. Same-day delivery, ISO9001 certified, factory-direct pricing.","大きなサイズ、衣類、靴などの大物に最適。 ZPrintProは香港の紙袋印刷専門店。最短当日納品、ISO9001認証、工場直送価格。",large-bags.html
FL-001,flyers,a4-flyers,"A4宣傳單張","A4 Flyers","A4チラシ","標準A4尺寸，最常用的宣傳單張規格。157g銅版紙，四色印刷，色彩鮮豔。適合產品推廣、活動宣傳。","Standard A4 size, most common flyer format. 157g glossy paper, 4-color printing, vibrant colors.","標準A4サイズ、最も一般的なチラシ形式。157gコート紙、4色印刷、鮮やかな色彩。","A4宣傳單張 | 香港專業宣傳單張印刷 | 智印港ZPrintPro","A4 Flyers | Professional Flyers Printing Hong Kong | ZPrintPro","A4チラシ | 香港チラシ印刷 | ZPrintPro","A4宣傳單張,宣傳單張印刷,香港宣傳單張,宣傳單張定制,宣傳單張印刷公司,智印港,即日宣傳單張,急印宣傳單張,觀塘宣傳單張","A4 Flyers,Flyers printing Hong Kong,custom flyers,flyers printing,same day flyers,ZPrintPro,Kwun Tong printing","A4チラシ,チラシ印刷,香港チラシ,チラシ作成,チラシ印刷会社,ZPrintPro,即日チラシ","標準A4尺寸，最常用的宣傳單張規格。157g銅版紙，四色印刷，色彩鮮豔。適合產品推廣、活動宣傳。 智印港提供專業宣傳單張印刷服務，品質保證，價格透明，即日交貨。ISO9001認證，觀塘實體工廠。","Standard A4 size, most common flyer format. 157g glossy paper, 4-color printing,... ZPrintPro offers professional flyers printing in Hong Kong. Same-day delivery, ISO9001 certified, factory-direct pricing.","標準A4サイズ、最も一般的なチラシ形式。157gコート紙、4色印刷、鮮やかな色彩。 ZPrintProは香港のチラシ印刷専門店。最短当日納品、ISO9001認証、工場直送価格。",a4-flyers.html
FL-002,flyers,a5-flyers,"A5宣傳單張","A5 Flyers","A5チラシ","A5尺寸，經濟實惠，適合大量派發。餐飲外賣、快閃活動首選。","A5 size, economical, perfect for mass distribution. First choice for food delivery, flash events.","A5サイズ、経済的、大量配布に最適。フードデリバリー、フラッシュイベントの第一選択。","A5宣傳單張 | 香港專業宣傳單張印刷 | 智印港ZPrintPro","A5 Flyers | Professional Flyers Printing Hong Kong | ZPrintPro","A5チラシ | 香港チラシ印刷 | ZPrintPro","A5宣傳單張,宣傳單張印刷,香港宣傳單張,宣傳單張定制,宣傳單張印刷公司,智印港,即日宣傳單張,急印宣傳單張,觀塘宣傳單張","A5 Flyers,Flyers printing Hong Kong,custom flyers,flyers printing,same day flyers,ZPrintPro,Kwun Tong printing","A5チラシ,チラシ印刷,香港チラシ,チラシ作成,チラシ印刷会社,ZPrintPro,即日チラシ","A5尺寸，經濟實惠，適合大量派發。餐飲外賣、快閃活動首選。 智印港提供專業宣傳單張印刷服務，品質保證，價格透明，即日交貨。ISO9001認證，觀塘實體工廠。","A5 size, economical, perfect for mass distribution. First choice for food delive... ZPrintPro offers professional flyers printing in Hong Kong. Same-day delivery, ISO9001 certified, factory-direct pricing.","A5サイズ、経済的、大量配布に最適。フードデリバリー、フラッシュイベントの第一選択。 ZPrintProは香港のチラシ印刷専門店。最短当日納品、ISO9001認証、工場直送価格。",a5-flyers.html
FL-003,flyers,double-sided-flyers,"雙面宣傳單張","Double-sided Flyers","両面チラシ","雙面全彩印刷，信息容量翻倍。正面吸引眼球，背面詳細介紹。","Double-sided full color printing, doubled information capacity.","両面フルカラー印刷、情報容量が2倍。","雙面宣傳單張 | 香港專業宣傳單張印刷 | 智印港ZPrintPro","Double-sided Flyers | Professional Flyers Printing Hong Kong | ZPrintPro","両面チラシ | 香港チラシ印刷 | ZPrintPro","雙面宣傳單張,宣傳單張印刷,香港宣傳單張,宣傳單張定制,宣傳單張印刷公司,智印港,即日宣傳單張,急印宣傳單張,觀塘宣傳單張","Double-sided Flyers,Flyers printing Hong Kong,custom flyers,flyers printing,same day flyers,ZPrintPro,Kwun Tong printing","両面チラシ,チラシ印刷,香港チラシ,チラシ作成,チラシ印刷会社,ZPrintPro,即日チラシ","雙面全彩印刷，信息容量翻倍。正面吸引眼球，背面詳細介紹。 智印港提供專業宣傳單張印刷服務，品質保證，價格透明，即日交貨。ISO9001認證，觀塘實體工廠。","Double-sided full color printing, doubled information capacity. ZPrintPro offers professional flyers printing in Hong Kong. Same-day delivery, ISO9001 certified, factory-direct pricing.","両面フルカラー印刷、情報容量が2倍。 ZPrintProは香港のチラシ印刷専門店。最短当日納品、ISO9001認証、工場直送価格。",double-sided-flyers.html
FL-004,flyers,folded-leaflets,"摺疊宣傳單張","Folded Leaflets","折りたたみパンフレット","對摺或三摺設計，可展示更多信息。適合產品目錄、服務介紹。","Bi-fold or tri-fold design, can display more information.","二つ折りまたは三つ折りデザイン、より多くの情報を表示可能。","摺疊宣傳單張 | 香港專業宣傳單張印刷 | 智印港ZPrintPro","Folded Leaflets | Professional Flyers Printing Hong Kong | ZPrintPro","折りたたみパンフレット | 香港チラシ印刷 | ZPrintPro","摺疊宣傳單張,宣傳單張印刷,香港宣傳單張,宣傳單張定制,宣傳單張印刷公司,智印港,即日宣傳單張,急印宣傳單張,觀塘宣傳單張","Folded Leaflets,Flyers printing Hong Kong,custom flyers,flyers printing,same day flyers,ZPrintPro,Kwun Tong printing","折りたたみパンフレット,チラシ印刷,香港チラシ,チラシ作成,チラシ印刷会社,ZPrintPro,即日チラシ","對摺或三摺設計，可展示更多信息。適合產品目錄、服務介紹。 智印港提供專業宣傳單張印刷服務，品質保證，價格透明，即日交貨。ISO9001認證，觀塘實體工廠。","Bi-fold or tri-fold design, can display more information. ZPrintPro offers professional flyers printing in Hong Kong. Same-day delivery, ISO9001 certified, factory-direct pricing.","二つ折りまたは三つ折りデザイン、より多くの情報を表示可能。 ZPrintProは香港のチラシ印刷専門店。最短当日納品、ISO9001認証、工場直送価格。",folded-leaflets.html
FL-005,flyers,thick-paper-flyers,"厚紙宣傳單張","Thick Paper Flyers","厚紙チラシ","200g以上厚紙，質感更佳，不易折損。適合高端產品宣傳。","200g+ thick paper, better texture, not easily damaged.","200g以上の厚紙、質感が良く折れにくい。","厚紙宣傳單張 | 香港專業宣傳單張印刷 | 智印港ZPrintPro","Thick Paper Flyers | Professional Flyers Printing Hong Kong | ZPrintPro","厚紙チラシ | 香港チラシ印刷 | ZPrintPro","厚紙宣傳單張,宣傳單張印刷,香港宣傳單張,宣傳單張定制,宣傳單張印刷公司,智印港,即日宣傳單張,急印宣傳單張,觀塘宣傳單張","Thick Paper Flyers,Flyers printing Hong Kong,custom flyers,flyers printing,same day flyers,ZPrintPro,Kwun Tong printing","厚紙チラシ,チラシ印刷,香港チラシ,チラシ作成,チラシ印刷会社,ZPrintPro,即日チラシ","200g以上厚紙，質感更佳，不易折損。適合高端產品宣傳。 智印港提供專業宣傳單張印刷服務，品質保證，價格透明，即日交貨。ISO9001認證，觀塘實體工廠。","200g+ thick paper, better texture, not easily damaged. ZPrintPro offers professional flyers printing in Hong Kong. Same-day delivery, ISO9001 certified, factory-direct pricing.","200g以上の厚紙、質感が良く折れにくい。 ZPrintProは香港のチラシ印刷専門店。最短当日納品、ISO9001認証、工場直送価格。",thick-paper-flyers.html
FL-006,flyers,same-day-flyers,"即日宣傳單張","Same-day Flyers","即日チラシ","緊急活動首選，最快當天交貨。品質保證，急件不擔心。","First choice for emergency events, same-day delivery available.","緊急イベントの第一選択、最短当日納品。","即日宣傳單張 | 香港專業宣傳單張印刷 | 智印港ZPrintPro","Same-day Flyers | Professional Flyers Printing Hong Kong | ZPrintPro","即日チラシ | 香港チラシ印刷 | ZPrintPro","即日宣傳單張,宣傳單張印刷,香港宣傳單張,宣傳單張定制,宣傳單張印刷公司,智印港,即日宣傳單張,急印宣傳單張,觀塘宣傳單張","Same-day Flyers,Flyers printing Hong Kong,custom flyers,flyers printing,same day flyers,ZPrintPro,Kwun Tong printing","即日チラシ,チラシ印刷,香港チラシ,チラシ作成,チラシ印刷会社,ZPrintPro,即日チラシ","緊急活動首選，最快當天交貨。品質保證，急件不擔心。 智印港提供專業宣傳單張印刷服務，品質保證，價格透明，即日交貨。ISO9001認證，觀塘實體工廠。","First choice for emergency events, same-day delivery available. ZPrintPro offers professional flyers printing in Hong Kong. Same-day delivery, ISO9001 certified, factory-direct pricing.","緊急イベントの第一選択、最短当日納品。 ZPrintProは香港のチラシ印刷専門店。最短当日納品、ISO9001認証、工場直送価格。",same-day-flyers.html
FL-007,flyers,eco-flyers,"環保宣傳單張","Eco Flyers","エコチラシ","環保紙張印刷，展現企業責任。適合環保主題活動。","Eco-friendly paper printing, showing corporate responsibility.","環境に優しい紙の印刷、企業の責任を示す。","環保宣傳單張 | 香港專業宣傳單張印刷 | 智印港ZPrintPro","Eco Flyers | Professional Flyers Printing Hong Kong | ZPrintPro","エコチラシ | 香港チラシ印刷 | ZPrintPro","環保宣傳單張,宣傳單張印刷,香港宣傳單張,宣傳單張定制,宣傳單張印刷公司,智印港,即日宣傳單張,急印宣傳單張,觀塘宣傳單張","Eco Flyers,Flyers printing Hong Kong,custom flyers,flyers printing,same day flyers,ZPrintPro,Kwun Tong printing","エコチラシ,チラシ印刷,香港チラシ,チラシ作成,チラシ印刷会社,ZPrintPro,即日チラシ","環保紙張印刷，展現企業責任。適合環保主題活動。 智印港提供專業宣傳單張印刷服務，品質保證，價格透明，即日交貨。ISO9001認證，觀塘實體工廠。","Eco-friendly paper printing, showing corporate responsibility. ZPrintPro offers professional flyers printing in Hong Kong. Same-day delivery, ISO9001 certified, factory-direct pricing.","環境に優しい紙の印刷、企業の責任を示す。 ZPrintProは香港のチラシ印刷専門店。最短当日納品、ISO9001認証、工場直送価格。",eco-flyers.html
PO-001,posters,a2-posters,"A2海報印刷","A2 Posters","A2ポスター","標準A2尺寸，活動宣傳、產品推廣首選。157g銅版紙，色彩鮮豔，即日交貨。","Standard A2 size, first choice for event promotion. 157g glossy paper, vibrant colors, same-day delivery.","標準A2サイズ、イベント宣伝の第一選択。157gコート紙、鮮やかな色彩、即日納品。","A2海報印刷 | 香港專業海報印刷 | 智印港ZPrintPro","A2 Posters | Professional Posters Printing Hong Kong | ZPrintPro","A2ポスター | 香港ポスター印刷 | ZPrintPro","A2海報印刷,海報印刷,香港海報,海報定制,海報印刷公司,智印港,即日海報,急印海報,觀塘海報","A2 Posters,Posters printing Hong Kong,custom posters,posters printing,same day posters,ZPrintPro,Kwun Tong printing","A2ポスター,ポスター印刷,香港ポスター,ポスター作成,ポスター印刷会社,ZPrintPro,即日ポスター","標準A2尺寸，活動宣傳、產品推廣首選。157g銅版紙，色彩鮮豔，即日交貨。 智印港提供專業海報印刷服務，品質保證，價格透明，即日交貨。ISO9001認證，觀塘實體工廠。","Standard A2 size, first choice for event promotion. 157g glossy paper, vibrant c... ZPrintPro offers professional posters printing in Hong Kong. Same-day delivery, ISO9001 certified, factory-direct pricing.","標準A2サイズ、イベント宣伝の第一選択。157gコート紙、鮮やかな色彩、即日納品。 ZPrintProは香港のポスター印刷専門店。最短当日納品、ISO9001認証、工場直送価格。",a2-posters.html
PO-002,posters,a1-posters,"A1大幅海報","A1 Large Posters","A1大型ポスター","A1大尺寸，視覺衝擊力強。適合展覽、會場佈置。","A1 large size, strong visual impact. Perfect for exhibitions, venue decoration.","A1大きなサイズ、強い視覚的インパクト。展示会、会場装飾に最適。","A1大幅海報 | 香港專業海報印刷 | 智印港ZPrintPro","A1 Large Posters | Professional Posters Printing Hong Kong | ZPrintPro","A1大型ポスター | 香港ポスター印刷 | ZPrintPro","A1大幅海報,海報印刷,香港海報,海報定制,海報印刷公司,智印港,即日海報,急印海報,觀塘海報","A1 Large Posters,Posters printing Hong Kong,custom posters,posters printing,same day posters,ZPrintPro,Kwun Tong printing","A1大型ポスター,ポスター印刷,香港ポスター,ポスター作成,ポスター印刷会社,ZPrintPro,即日ポスター","A1大尺寸，視覺衝擊力強。適合展覽、會場佈置。 智印港提供專業海報印刷服務，品質保證，價格透明，即日交貨。ISO9001認證，觀塘實體工廠。","A1 large size, strong visual impact. Perfect for exhibitions, venue decoration. ZPrintPro offers professional posters printing in Hong Kong. Same-day delivery, ISO9001 certified, factory-direct pricing.","A1大きなサイズ、強い視覚的インパクト。展示会、会場装飾に最適。 ZPrintProは香港のポスター印刷専門店。最短当日納品、ISO9001認証、工場直送価格。",a1-posters.html
PO-003,posters,outdoor-posters,"戶外海報","Outdoor Posters","屋外ポスター","防水防曬材質，戶外使用不褪色。適合戶外廣告、建築圍板。","Waterproof and UV-resistant material, no fading for outdoor use.","防水・UV耐性素材、屋外使用でも色褪せません。","戶外海報 | 香港專業海報印刷 | 智印港ZPrintPro","Outdoor Posters | Professional Posters Printing Hong Kong | ZPrintPro","屋外ポスター | 香港ポスター印刷 | ZPrintPro","戶外海報,海報印刷,香港海報,海報定制,海報印刷公司,智印港,即日海報,急印海報,觀塘海報","Outdoor Posters,Posters printing Hong Kong,custom posters,posters printing,same day posters,ZPrintPro,Kwun Tong printing","屋外ポスター,ポスター印刷,香港ポスター,ポスター作成,ポスター印刷会社,ZPrintPro,即日ポスター","防水防曬材質，戶外使用不褪色。適合戶外廣告、建築圍板。 智印港提供專業海報印刷服務，品質保證，價格透明，即日交貨。ISO9001認證，觀塘實體工廠。","Waterproof and UV-resistant material, no fading for outdoor use. ZPrintPro offers professional posters printing in Hong Kong. Same-day delivery, ISO9001 certified, factory-direct pricing.","防水・UV耐性素材、屋外使用でも色褪せません。 ZPrintProは香港のポスター印刷専門店。最短当日納品、ISO9001認証、工場直送価格。",outdoor-posters.html
PO-004,posters,display-posters,"展架海報","Display Posters","展示用ポスター","配合X展架或易拉寶使用，便攜易裝。展會、路演必備。","Compatible with X-stands or roll-up banners, portable and easy to install.","Xスタンドまたはロールアップバナーと互換、持ち運び可能で設置簡単。","展架海報 | 香港專業海報印刷 | 智印港ZPrintPro","Display Posters | Professional Posters Printing Hong Kong | ZPrintPro","展示用ポスター | 香港ポスター印刷 | ZPrintPro","展架海報,海報印刷,香港海報,海報定制,海報印刷公司,智印港,即日海報,急印海報,觀塘海報","Display Posters,Posters printing Hong Kong,custom posters,posters printing,same day posters,ZPrintPro,Kwun Tong printing","展示用ポスター,ポスター印刷,香港ポスター,ポスター作成,ポスター印刷会社,ZPrintPro,即日ポスター","配合X展架或易拉寶使用，便攜易裝。展會、路演必備。 智印港提供專業海報印刷服務，品質保證，價格透明，即日交貨。ISO9001認證，觀塘實體工廠。","Compatible with X-stands or roll-up banners, portable and easy to install. ZPrintPro offers professional posters printing in Hong Kong. Same-day delivery, ISO9001 certified, factory-direct pricing.","Xスタンドまたはロールアップバナーと互換、持ち運び可能で設置簡単。 ZPrintProは香港のポスター印刷専門店。最短当日納品、ISO9001認証、工場直送価格。",display-posters.html
PO-005,posters,art-posters,"藝術海報","Art Posters","アートポスター","高級藝術紙張，色彩還原度高。適合藝術展覽、攝影作品。","Premium art paper, high color accuracy. Perfect for art exhibitions, photography works.","高級アート紙、高い色再現性。美術展、写真作品に最適。","藝術海報 | 香港專業海報印刷 | 智印港ZPrintPro","Art Posters | Professional Posters Printing Hong Kong | ZPrintPro","アートポスター | 香港ポスター印刷 | ZPrintPro","藝術海報,海報印刷,香港海報,海報定制,海報印刷公司,智印港,即日海報,急印海報,觀塘海報","Art Posters,Posters printing Hong Kong,custom posters,posters printing,same day posters,ZPrintPro,Kwun Tong printing","アートポスター,ポスター印刷,香港ポスター,ポスター作成,ポスター印刷会社,ZPrintPro,即日ポスター","高級藝術紙張，色彩還原度高。適合藝術展覽、攝影作品。 智印港提供專業海報印刷服務，品質保證，價格透明，即日交貨。ISO9001認證，觀塘實體工廠。","Premium art paper, high color accuracy. Perfect for art exhibitions, photography... ZPrintPro offers professional posters printing in Hong Kong. Same-day delivery, ISO9001 certified, factory-direct pricing.","高級アート紙、高い色再現性。美術展、写真作品に最適。 ZPrintProは香港のポスター印刷専門店。最短当日納品、ISO9001認証、工場直送価格。",art-posters.html
PO-006,posters,adhesive-posters,"背膠海報","Adhesive Posters","粘着ポスター","自帶背膠，可直接粘貼。適合店鋪櫥窗、牆面裝飾。","Self-adhesive, can be directly applied. Perfect for shop windows, wall decoration.","自己粘着、直接貼付可能。店舗の窓、壁の装飾に最適。","背膠海報 | 香港專業海報印刷 | 智印港ZPrintPro","Adhesive Posters | Professional Posters Printing Hong Kong | ZPrintPro","粘着ポスター | 香港ポスター印刷 | ZPrintPro","背膠海報,海報印刷,香港海報,海報定制,海報印刷公司,智印港,即日海報,急印海報,觀塘海報","Adhesive Posters,Posters printing Hong Kong,custom posters,posters printing,same day posters,ZPrintPro,Kwun Tong printing","粘着ポスター,ポスター印刷,香港ポスター,ポスター作成,ポスター印刷会社,ZPrintPro,即日ポスター","自帶背膠，可直接粘貼。適合店鋪櫥窗、牆面裝飾。 智印港提供專業海報印刷服務，品質保證，價格透明，即日交貨。ISO9001認證，觀塘實體工廠。","Self-adhesive, can be directly applied. Perfect for shop windows, wall decoratio... ZPrintPro offers professional posters printing in Hong Kong. Same-day delivery, ISO9001 certified, factory-direct pricing.","自己粘着、直接貼付可能。店舗の窓、壁の装飾に最適。 ZPrintProは香港のポスター印刷専門店。最短当日納品、ISO9001認証、工場直送価格。",adhesive-posters.html
PK-001,packaging,gift-boxes,"禮品盒定制","Gift Boxes","ギフトボックス","精緻禮品盒，配合燙金、UV等工藝。送禮首選，提升產品價值。","Exquisite gift boxes with foil stamping, UV and other processes.","精巧なギフトボックス、箔押し・UVなどの加工付き。","禮品盒定制 | 香港專業包裝盒印刷 | 智印港ZPrintPro","Gift Boxes | Professional Packaging Printing Hong Kong | ZPrintPro","ギフトボックス | 香港パッケージ印刷 | ZPrintPro","禮品盒定制,包裝盒印刷,香港包裝盒,包裝盒定制,包裝盒印刷公司,智印港,即日包裝盒,急印包裝盒,觀塘包裝盒","Gift Boxes,Packaging printing Hong Kong,custom packaging,packaging printing,same day packaging,ZPrintPro,Kwun Tong printing","ギフトボックス,パッケージ印刷,香港パッケージ,パッケージ作成,パッケージ印刷会社,ZPrintPro,即日パッケージ","精緻禮品盒，配合燙金、UV等工藝。送禮首選，提升產品價值。 智印港提供專業包裝盒印刷服務，品質保證，價格透明，即日交貨。ISO9001認證，觀塘實體工廠。","Exquisite gift boxes with foil stamping, UV and other processes. ZPrintPro offers professional packaging printing in Hong Kong. Same-day delivery, ISO9001 certified, factory-direct pricing.","精巧なギフトボックス、箔押し・UVなどの加工付き。 ZPrintProは香港のパッケージ印刷専門店。最短当日納品、ISO9001認証、工場直送価格。",gift-boxes.html
PK-002,packaging,cosmetic-boxes,"化妝品盒","Cosmetic Boxes","化粧品箱","專為化妝品設計，內托可定制。適合護膚品、彩妝品牌。","Specially designed for cosmetics, customizable inner tray.","化粧品専用設計、カスタマイズ可能な内側トレイ。","化妝品盒 | 香港專業包裝盒印刷 | 智印港ZPrintPro","Cosmetic Boxes | Professional Packaging Printing Hong Kong | ZPrintPro","化粧品箱 | 香港パッケージ印刷 | ZPrintPro","化妝品盒,包裝盒印刷,香港包裝盒,包裝盒定制,包裝盒印刷公司,智印港,即日包裝盒,急印包裝盒,觀塘包裝盒","Cosmetic Boxes,Packaging printing Hong Kong,custom packaging,packaging printing,same day packaging,ZPrintPro,Kwun Tong printing","化粧品箱,パッケージ印刷,香港パッケージ,パッケージ作成,パッケージ印刷会社,ZPrintPro,即日パッケージ","專為化妝品設計，內托可定制。適合護膚品、彩妝品牌。 智印港提供專業包裝盒印刷服務，品質保證，價格透明，即日交貨。ISO9001認證，觀塘實體工廠。","Specially designed for cosmetics, customizable inner tray. ZPrintPro offers professional packaging printing in Hong Kong. Same-day delivery, ISO9001 certified, factory-direct pricing.","化粧品専用設計、カスタマイズ可能な内側トレイ。 ZPrintProは香港のパッケージ印刷専門店。最短当日納品、ISO9001認証、工場直送価格。",cosmetic-boxes.html
PK-003,packaging,food-boxes,"食品包裝盒","Food Boxes","食品包装箱","食品級材質，安全環保。適合糕點、茶葉、保健品。","Food-grade material, safe and eco-friendly.","食品グレード素材、安全で環境に優しい。","食品包裝盒 | 香港專業包裝盒印刷 | 智印港ZPrintPro","Food Boxes | Professional Packaging Printing Hong Kong | ZPrintPro","食品包装箱 | 香港パッケージ印刷 | ZPrintPro","食品包裝盒,包裝盒印刷,香港包裝盒,包裝盒定制,包裝盒印刷公司,智印港,即日包裝盒,急印包裝盒,觀塘包裝盒","Food Boxes,Packaging printing Hong Kong,custom packaging,packaging printing,same day packaging,ZPrintPro,Kwun Tong printing","食品包装箱,パッケージ印刷,香港パッケージ,パッケージ作成,パッケージ印刷会社,ZPrintPro,即日パッケージ","食品級材質，安全環保。適合糕點、茶葉、保健品。 智印港提供專業包裝盒印刷服務，品質保證，價格透明，即日交貨。ISO9001認證，觀塘實體工廠。","Food-grade material, safe and eco-friendly. ZPrintPro offers professional packaging printing in Hong Kong. Same-day delivery, ISO9001 certified, factory-direct pricing.","食品グレード素材、安全で環境に優しい。 ZPrintProは香港のパッケージ印刷専門店。最短当日納品、ISO9001認証、工場直送価格。",food-boxes.html
PK-004,packaging,mailer-boxes,"快遞盒/飛機盒","Mailer Boxes","発送箱","堅固耐用，電商發貨首選。可印品牌Logo，提升開箱體驗。","Sturdy and durable, first choice for e-commerce shipping.","頑丈で耐久性があり、EC発送の第一選択。","快遞盒/飛機盒 | 香港專業包裝盒印刷 | 智印港ZPrintPro","Mailer Boxes | Professional Packaging Printing Hong Kong | ZPrintPro","発送箱 | 香港パッケージ印刷 | ZPrintPro","快遞盒/飛機盒,包裝盒印刷,香港包裝盒,包裝盒定制,包裝盒印刷公司,智印港,即日包裝盒,急印包裝盒,觀塘包裝盒","Mailer Boxes,Packaging printing Hong Kong,custom packaging,packaging printing,same day packaging,ZPrintPro,Kwun Tong printing","発送箱,パッケージ印刷,香港パッケージ,パッケージ作成,パッケージ印刷会社,ZPrintPro,即日パッケージ","堅固耐用，電商發貨首選。可印品牌Logo，提升開箱體驗。 智印港提供專業包裝盒印刷服務，品質保證，價格透明，即日交貨。ISO9001認證，觀塘實體工廠。","Sturdy and durable, first choice for e-commerce shipping. ZPrintPro offers professional packaging printing in Hong Kong. Same-day delivery, ISO9001 certified, factory-direct pricing.","頑丈で耐久性があり、EC発送の第一選択。 ZPrintProは香港のパッケージ印刷専門店。最短当日納品、ISO9001認証、工場直送価格。",mailer-boxes.html
PK-005,packaging,folding-boxes,"折疊盒","Folding Boxes","折りたたみ箱","可折疊設計，節省倉儲空間。適合大量存貨的電商賣家。","Foldable design, saves warehouse space.","折りたたみ可能なデザイン、倉庫スペースを節約。","折疊盒 | 香港專業包裝盒印刷 | 智印港ZPrintPro","Folding Boxes | Professional Packaging Printing Hong Kong | ZPrintPro","折りたたみ箱 | 香港パッケージ印刷 | ZPrintPro","折疊盒,包裝盒印刷,香港包裝盒,包裝盒定制,包裝盒印刷公司,智印港,即日包裝盒,急印包裝盒,觀塘包裝盒","Folding Boxes,Packaging printing Hong Kong,custom packaging,packaging printing,same day packaging,ZPrintPro,Kwun Tong printing","折りたたみ箱,パッケージ印刷,香港パッケージ,パッケージ作成,パッケージ印刷会社,ZPrintPro,即日パッケージ","可折疊設計，節省倉儲空間。適合大量存貨的電商賣家。 智印港提供專業包裝盒印刷服務，品質保證，價格透明，即日交貨。ISO9001認證，觀塘實體工廠。","Foldable design, saves warehouse space. ZPrintPro offers professional packaging printing in Hong Kong. Same-day delivery, ISO9001 certified, factory-direct pricing.","折りたたみ可能なデザイン、倉庫スペースを節約。 ZPrintProは香港のパッケージ印刷専門店。最短当日納品、ISO9001認証、工場直送価格。",folding-boxes.html
PK-006,packaging,rigid-boxes,"精裝盒","Rigid Boxes","上製本箱","硬殼精裝，高檔奢華。適合高端產品、限量版商品。","Hardcover rigid construction, luxurious and premium.","硬い上製本構造、豪華でプレミアム。","精裝盒 | 香港專業包裝盒印刷 | 智印港ZPrintPro","Rigid Boxes | Professional Packaging Printing Hong Kong | ZPrintPro","上製本箱 | 香港パッケージ印刷 | ZPrintPro","精裝盒,包裝盒印刷,香港包裝盒,包裝盒定制,包裝盒印刷公司,智印港,即日包裝盒,急印包裝盒,觀塘包裝盒","Rigid Boxes,Packaging printing Hong Kong,custom packaging,packaging printing,same day packaging,ZPrintPro,Kwun Tong printing","上製本箱,パッケージ印刷,香港パッケージ,パッケージ作成,パッケージ印刷会社,ZPrintPro,即日パッケージ","硬殼精裝，高檔奢華。適合高端產品、限量版商品。 智印港提供專業包裝盒印刷服務，品質保證，價格透明，即日交貨。ISO9001認證，觀塘實體工廠。","Hardcover rigid construction, luxurious and premium. ZPrintPro offers professional packaging printing in Hong Kong. Same-day delivery, ISO9001 certified, factory-direct pricing.","硬い上製本構造、豪華でプレミアム。 ZPrintProは香港のパッケージ印刷専門店。最短当日納品、ISO9001認証、工場直送価格。",rigid-boxes.html
RP-001,red-packets,foil-red-packets,"燙金利是封","Foil Red Packets","箔押しポチ袋","傳統燙金工藝，喜慶大方。多種吉祥圖案可選，也可定制專屬設計。適合企業派發、節日營銷。","Traditional foil stamping, festive and elegant. Multiple auspicious patterns or custom designs.","伝統的な箔押し加工、縁起が良く上品。複数の縁起の良い柄またはカスタムデザイン。","燙金利是封 | 香港專業利是封印刷 | 智印港ZPrintPro","Foil Red Packets | Professional Red Packets Printing Hong Kong | ZPrintPro","箔押しポチ袋 | 香港ポチ袋印刷 | ZPrintPro","燙金利是封,利是封印刷,香港利是封,利是封定制,利是封印刷公司,智印港,即日利是封,急印利是封,觀塘利是封","Foil Red Packets,Red Packets printing Hong Kong,custom red packets,red packets printing,same day red packets,ZPrintPro,Kwun Tong printing","箔押しポチ袋,ポチ袋印刷,香港ポチ袋,ポチ袋作成,ポチ袋印刷会社,ZPrintPro,即日ポチ袋","傳統燙金工藝，喜慶大方。多種吉祥圖案可選，也可定制專屬設計。適合企業派發、節日營銷。 智印港提供專業利是封印刷服務，品質保證，價格透明，即日交貨。ISO9001認證，觀塘實體工廠。","Traditional foil stamping, festive and elegant. Multiple auspicious patterns or ... ZPrintPro offers professional red packets printing in Hong Kong. Same-day delivery, ISO9001 certified, factory-direct pricing.","伝統的な箔押し加工、縁起が良く上品。複数の縁起の良い柄またはカスタムデザイン。 ZPrintProは香港のポチ袋印刷専門店。最短当日納品、ISO9001認証、工場直送価格。",foil-red-packets.html
RP-002,red-packets,embossed-red-packets,"浮雕利是封","Embossed Red Packets","エンボスポチ袋","浮雕工藝，立體觸感，高檔奢華。展現品牌誠意，適合VIP客戶、高端送禮。","Embossed craftsmanship, dimensional texture, luxurious feel.","エンボス加工、立体的な触感、豪華な質感。","浮雕利是封 | 香港專業利是封印刷 | 智印港ZPrintPro","Embossed Red Packets | Professional Red Packets Printing Hong Kong | ZPrintPro","エンボスポチ袋 | 香港ポチ袋印刷 | ZPrintPro","浮雕利是封,利是封印刷,香港利是封,利是封定制,利是封印刷公司,智印港,即日利是封,急印利是封,觀塘利是封","Embossed Red Packets,Red Packets printing Hong Kong,custom red packets,red packets printing,same day red packets,ZPrintPro,Kwun Tong printing","エンボスポチ袋,ポチ袋印刷,香港ポチ袋,ポチ袋作成,ポチ袋印刷会社,ZPrintPro,即日ポチ袋","浮雕工藝，立體觸感，高檔奢華。展現品牌誠意，適合VIP客戶、高端送禮。 智印港提供專業利是封印刷服務，品質保證，價格透明，即日交貨。ISO9001認證，觀塘實體工廠。","Embossed craftsmanship, dimensional texture, luxurious feel. ZPrintPro offers professional red packets printing in Hong Kong. Same-day delivery, ISO9001 certified, factory-direct pricing.","エンボス加工、立体的な触感、豪華な質感。 ZPrintProは香港のポチ袋印刷専門店。最短当日納品、ISO9001認証、工場直送価格。",embossed-red-packets.html
RP-003,red-packets,custom-red-packets,"定制利是封","Custom Red Packets","オリジナルポチ袋","專屬設計，印上公司Logo和祝福語。強化品牌印象，節日營銷必備。","Exclusive design with company logo and greetings. Strengthens brand impression.","独占的なデザイン、会社ロゴと祝福の言葉。ブランドイメージを強化。","定制利是封 | 香港專業利是封印刷 | 智印港ZPrintPro","Custom Red Packets | Professional Red Packets Printing Hong Kong | ZPrintPro","オリジナルポチ袋 | 香港ポチ袋印刷 | ZPrintPro","定制利是封,利是封印刷,香港利是封,利是封定制,利是封印刷公司,智印港,即日利是封,急印利是封,觀塘利是封","Custom Red Packets,Red Packets printing Hong Kong,custom red packets,red packets printing,same day red packets,ZPrintPro,Kwun Tong printing","オリジナルポチ袋,ポチ袋印刷,香港ポチ袋,ポチ袋作成,ポチ袋印刷会社,ZPrintPro,即日ポチ袋","專屬設計，印上公司Logo和祝福語。強化品牌印象，節日營銷必備。 智印港提供專業利是封印刷服務，品質保證，價格透明，即日交貨。ISO9001認證，觀塘實體工廠。","Exclusive design with company logo and greetings. Strengthens brand impression. ZPrintPro offers professional red packets printing in Hong Kong. Same-day delivery, ISO9001 certified, factory-direct pricing.","独占的なデザイン、会社ロゴと祝福の言葉。ブランドイメージを強化。 ZPrintProは香港のポチ袋印刷専門店。最短当日納品、ISO9001認証、工場直送価格。",custom-red-packets.html
RP-004,red-packets,cartoon-red-packets,"卡通利是封","Cartoon Red Packets","キャラクターポチ袋","可愛卡通設計，深受年輕人喜愛。適合親子品牌、教育機構、兒童產品。","Cute cartoon design, loved by young people.","かわいいキャラクターデザイン、若者に人気。","卡通利是封 | 香港專業利是封印刷 | 智印港ZPrintPro","Cartoon Red Packets | Professional Red Packets Printing Hong Kong | ZPrintPro","キャラクターポチ袋 | 香港ポチ袋印刷 | ZPrintPro","卡通利是封,利是封印刷,香港利是封,利是封定制,利是封印刷公司,智印港,即日利是封,急印利是封,觀塘利是封","Cartoon Red Packets,Red Packets printing Hong Kong,custom red packets,red packets printing,same day red packets,ZPrintPro,Kwun Tong printing","キャラクターポチ袋,ポチ袋印刷,香港ポチ袋,ポチ袋作成,ポチ袋印刷会社,ZPrintPro,即日ポチ袋","可愛卡通設計，深受年輕人喜愛。適合親子品牌、教育機構、兒童產品。 智印港提供專業利是封印刷服務，品質保證，價格透明，即日交貨。ISO9001認證，觀塘實體工廠。","Cute cartoon design, loved by young people. ZPrintPro offers professional red packets printing in Hong Kong. Same-day delivery, ISO9001 certified, factory-direct pricing.","かわいいキャラクターデザイン、若者に人気。 ZPrintProは香港のポチ袋印刷専門店。最短当日納品、ISO9001認証、工場直送価格。",cartoon-red-packets.html
RP-005,red-packets,eco-red-packets,"環保利是封","Eco Red Packets","エコポチ袋","採用環保紙張和油墨，可持續發展理念。適合注重環保的企業。","Eco-friendly paper and ink, sustainable development concept.","環境に優しい紙とインク、持続可能な開発の理念。","環保利是封 | 香港專業利是封印刷 | 智印港ZPrintPro","Eco Red Packets | Professional Red Packets Printing Hong Kong | ZPrintPro","エコポチ袋 | 香港ポチ袋印刷 | ZPrintPro","環保利是封,利是封印刷,香港利是封,利是封定制,利是封印刷公司,智印港,即日利是封,急印利是封,觀塘利是封","Eco Red Packets,Red Packets printing Hong Kong,custom red packets,red packets printing,same day red packets,ZPrintPro,Kwun Tong printing","エコポチ袋,ポチ袋印刷,香港ポチ袋,ポチ袋作成,ポチ袋印刷会社,ZPrintPro,即日ポチ袋","採用環保紙張和油墨，可持續發展理念。適合注重環保的企業。 智印港提供專業利是封印刷服務，品質保證，價格透明，即日交貨。ISO9001認證，觀塘實體工廠。","Eco-friendly paper and ink, sustainable development concept. ZPrintPro offers professional red packets printing in Hong Kong. Same-day delivery, ISO9001 certified, factory-direct pricing.","環境に優しい紙とインク、持続可能な開発の理念。 ZPrintProは香港のポチ袋印刷専門店。最短当日納品、ISO9001認証、工場直送価格。",eco-red-packets.html
RP-006,red-packets,large-red-packets,"大號利是封","Large Red Packets","大判ポチ袋","加大尺寸，可放入更多鈔票或禮品卡。實用大氣，送禮更有面子。","Larger size, can hold more cash or gift cards.","大きなサイズ、より多くの現金やギフトカードを入れられます。","大號利是封 | 香港專業利是封印刷 | 智印港ZPrintPro","Large Red Packets | Professional Red Packets Printing Hong Kong | ZPrintPro","大判ポチ袋 | 香港ポチ袋印刷 | ZPrintPro","大號利是封,利是封印刷,香港利是封,利是封定制,利是封印刷公司,智印港,即日利是封,急印利是封,觀塘利是封","Large Red Packets,Red Packets printing Hong Kong,custom red packets,red packets printing,same day red packets,ZPrintPro,Kwun Tong printing","大判ポチ袋,ポチ袋印刷,香港ポチ袋,ポチ袋作成,ポチ袋印刷会社,ZPrintPro,即日ポチ袋","加大尺寸，可放入更多鈔票或禮品卡。實用大氣，送禮更有面子。 智印港提供專業利是封印刷服務，品質保證，價格透明，即日交貨。ISO9001認證，觀塘實體工廠。","Larger size, can hold more cash or gift cards. ZPrintPro offers professional red packets printing in Hong Kong. Same-day delivery, ISO9001 certified, factory-direct pricing.","大きなサイズ、より多くの現金やギフトカードを入れられます。 ZPrintProは香港のポチ袋印刷専門店。最短当日納品、ISO9001認証、工場直送価格。",large-red-packets.html
CL-001,calendars,wall-calendars,"掛牆年曆","Wall Calendars","壁掛けカレンダー","標準A3或A2掛牆年曆，13頁設計（封面+12個月）。適合家庭、辦公室使用，全年品牌曝光。","Standard A3 or A2 wall calendars, 13-page design. Perfect for home and office use.","標準A3またはA2壁掛けカレンダー、13ページデザイン。家庭やオフィスに最適。","掛牆年曆 | 香港專業年曆印刷 | 智印港ZPrintPro","Wall Calendars | Professional Calendars Printing Hong Kong | ZPrintPro","壁掛けカレンダー | 香港カレンダー印刷 | ZPrintPro","掛牆年曆,年曆印刷,香港年曆,年曆定制,年曆印刷公司,智印港,即日年曆,急印年曆,觀塘年曆","Wall Calendars,Calendars printing Hong Kong,custom calendars,calendars printing,same day calendars,ZPrintPro,Kwun Tong printing","壁掛けカレンダー,カレンダー印刷,香港カレンダー,カレンダー作成,カレンダー印刷会社,ZPrintPro,即日カレンダー","標準A3或A2掛牆年曆，13頁設計（封面+12個月）。適合家庭、辦公室使用，全年品牌曝光。 智印港提供專業年曆印刷服務，品質保證，價格透明，即日交貨。ISO9001認證，觀塘實體工廠。","Standard A3 or A2 wall calendars, 13-page design. Perfect for home and office us... ZPrintPro offers professional calendars printing in Hong Kong. Same-day delivery, ISO9001 certified, factory-direct pricing.","標準A3またはA2壁掛けカレンダー、13ページデザイン。家庭やオフィスに最適。 ZPrintProは香港のカレンダー印刷専門店。最短当日納品、ISO9001認証、工場直送価格。",wall-calendars.html
CL-002,calendars,desk-calendars,"座檯年曆","Desk Calendars","卓上カレンダー","三角形座檯設計，穩固美觀。適合辦公桌擺放，每日品牌接觸。","Triangular desk design, stable and beautiful. Perfect for office desk display.","三角形の卓上デザイン、安定して美しい。オフィスデスクに最適。","座檯年曆 | 香港專業年曆印刷 | 智印港ZPrintPro","Desk Calendars | Professional Calendars Printing Hong Kong | ZPrintPro","卓上カレンダー | 香港カレンダー印刷 | ZPrintPro","座檯年曆,年曆印刷,香港年曆,年曆定制,年曆印刷公司,智印港,即日年曆,急印年曆,觀塘年曆","Desk Calendars,Calendars printing Hong Kong,custom calendars,calendars printing,same day calendars,ZPrintPro,Kwun Tong printing","卓上カレンダー,カレンダー印刷,香港カレンダー,カレンダー作成,カレンダー印刷会社,ZPrintPro,即日カレンダー","三角形座檯設計，穩固美觀。適合辦公桌擺放，每日品牌接觸。 智印港提供專業年曆印刷服務，品質保證，價格透明，即日交貨。ISO9001認證，觀塘實體工廠。","Triangular desk design, stable and beautiful. Perfect for office desk display. ZPrintPro offers professional calendars printing in Hong Kong. Same-day delivery, ISO9001 certified, factory-direct pricing.","三角形の卓上デザイン、安定して美しい。オフィスデスクに最適。 ZPrintProは香港のカレンダー印刷専門店。最短当日納品、ISO9001認証、工場直送価格。",desk-calendars.html
CL-003,calendars,custom-calendars,"定制年曆","Custom Calendars","オリジナルカレンダー","專屬設計，每頁可印公司產品或服務。企業禮品首選，送客戶最佳選擇。","Exclusive design, each page can feature company products or services.","独占的なデザイン、各ページに会社の製品やサービスを掲載可能。","定制年曆 | 香港專業年曆印刷 | 智印港ZPrintPro","Custom Calendars | Professional Calendars Printing Hong Kong | ZPrintPro","オリジナルカレンダー | 香港カレンダー印刷 | ZPrintPro","定制年曆,年曆印刷,香港年曆,年曆定制,年曆印刷公司,智印港,即日年曆,急印年曆,觀塘年曆","Custom Calendars,Calendars printing Hong Kong,custom calendars,calendars printing,same day calendars,ZPrintPro,Kwun Tong printing","オリジナルカレンダー,カレンダー印刷,香港カレンダー,カレンダー作成,カレンダー印刷会社,ZPrintPro,即日カレンダー","專屬設計，每頁可印公司產品或服務。企業禮品首選，送客戶最佳選擇。 智印港提供專業年曆印刷服務，品質保證，價格透明，即日交貨。ISO9001認證，觀塘實體工廠。","Exclusive design, each page can feature company products or services. ZPrintPro offers professional calendars printing in Hong Kong. Same-day delivery, ISO9001 certified, factory-direct pricing.","独占的なデザイン、各ページに会社の製品やサービスを掲載可能。 ZPrintProは香港のカレンダー印刷専門店。最短当日納品、ISO9001認証、工場直送価格。",custom-calendars.html
CL-004,calendars,mini-calendars,"迷你年曆","Mini Calendars","ミニカレンダー","小巧便攜，可放入錢包或口袋。創意禮品，年輕人喜愛。","Compact and portable, fits in wallet or pocket.","コンパクトで持ち運び可能、財布やポケットに入ります。","迷你年曆 | 香港專業年曆印刷 | 智印港ZPrintPro","Mini Calendars | Professional Calendars Printing Hong Kong | ZPrintPro","ミニカレンダー | 香港カレンダー印刷 | ZPrintPro","迷你年曆,年曆印刷,香港年曆,年曆定制,年曆印刷公司,智印港,即日年曆,急印年曆,觀塘年曆","Mini Calendars,Calendars printing Hong Kong,custom calendars,calendars printing,same day calendars,ZPrintPro,Kwun Tong printing","ミニカレンダー,カレンダー印刷,香港カレンダー,カレンダー作成,カレンダー印刷会社,ZPrintPro,即日カレンダー","小巧便攜，可放入錢包或口袋。創意禮品，年輕人喜愛。 智印港提供專業年曆印刷服務，品質保證，價格透明，即日交貨。ISO9001認證，觀塘實體工廠。","Compact and portable, fits in wallet or pocket. ZPrintPro offers professional calendars printing in Hong Kong. Same-day delivery, ISO9001 certified, factory-direct pricing.","コンパクトで持ち運び可能、財布やポケットに入ります。 ZPrintProは香港のカレンダー印刷専門店。最短当日納品、ISO9001認証、工場直送価格。",mini-calendars.html
CL-005,calendars,photo-frame-calendars,"相框年曆","Photo Frame Calendars","フォトフレームカレンダー","結合相框功能，可替換照片。實用美觀，家庭必備。","Combined photo frame function, photos can be replaced.","フォトフレーム機能付き、写真を交換可能。","相框年曆 | 香港專業年曆印刷 | 智印港ZPrintPro","Photo Frame Calendars | Professional Calendars Printing Hong Kong | ZPrintPro","フォトフレームカレンダー | 香港カレンダー印刷 | ZPrintPro","相框年曆,年曆印刷,香港年曆,年曆定制,年曆印刷公司,智印港,即日年曆,急印年曆,觀塘年曆","Photo Frame Calendars,Calendars printing Hong Kong,custom calendars,calendars printing,same day calendars,ZPrintPro,Kwun Tong printing","フォトフレームカレンダー,カレンダー印刷,香港カレンダー,カレンダー作成,カレンダー印刷会社,ZPrintPro,即日カレンダー","結合相框功能，可替換照片。實用美觀，家庭必備。 智印港提供專業年曆印刷服務，品質保證，價格透明，即日交貨。ISO9001認證，觀塘實體工廠。","Combined photo frame function, photos can be replaced. ZPrintPro offers professional calendars printing in Hong Kong. Same-day delivery, ISO9001 certified, factory-direct pricing.","フォトフレーム機能付き、写真を交換可能。 ZPrintProは香港のカレンダー印刷専門店。最短当日納品、ISO9001認証、工場直送価格。",photo-frame-calendars.html
CL-006,calendars,magnetic-calendars,"磁石年曆","Magnetic Calendars","マグネットカレンダー","磁石背膠，可貼於冰箱等金屬表面。每日多次接觸，品牌曝光率高。","Magnetic backing, can stick to refrigerator and other metal surfaces.","マグネット背面、冷蔵庫などの金属面に貼付可能。","磁石年曆 | 香港專業年曆印刷 | 智印港ZPrintPro","Magnetic Calendars | Professional Calendars Printing Hong Kong | ZPrintPro","マグネットカレンダー | 香港カレンダー印刷 | ZPrintPro","磁石年曆,年曆印刷,香港年曆,年曆定制,年曆印刷公司,智印港,即日年曆,急印年曆,觀塘年曆","Magnetic Calendars,Calendars printing Hong Kong,custom calendars,calendars printing,same day calendars,ZPrintPro,Kwun Tong printing","マグネットカレンダー,カレンダー印刷,香港カレンダー,カレンダー作成,カレンダー印刷会社,ZPrintPro,即日カレンダー","磁石背膠，可貼於冰箱等金屬表面。每日多次接觸，品牌曝光率高。 智印港提供專業年曆印刷服務，品質保證，價格透明，即日交貨。ISO9001認證，觀塘實體工廠。","Magnetic backing, can stick to refrigerator and other metal surfaces. ZPrintPro offers professional calendars printing in Hong Kong. Same-day delivery, ISO9001 certified, factory-direct pricing.","マグネット背面、冷蔵庫などの金属面に貼付可能。 ZPrintProは香港のカレンダー印刷専門店。最短当日納品、ISO9001認証、工場直送価格。",magnetic-calendars.html
MN-001,menus,pvc-menus,"PVC餐牌","PVC Menus","PVCメニュー","防水防油PVC材質，易清潔耐用。餐廳、咖啡店首選。","Waterproof and oil-resistant PVC material, easy to clean and durable.","防水・耐油性PVC素材、お手入れ簡単で耐久性あり。","PVC餐牌 | 香港專業餐牌印刷 | 智印港ZPrintPro","PVC Menus | Professional Menus Printing Hong Kong | ZPrintPro","PVCメニュー | 香港メニュー印刷 | ZPrintPro","PVC餐牌,餐牌印刷,香港餐牌,餐牌定制,餐牌印刷公司,智印港,即日餐牌,急印餐牌,觀塘餐牌","PVC Menus,Menus printing Hong Kong,custom menus,menus printing,same day menus,ZPrintPro,Kwun Tong printing","PVCメニュー,メニュー印刷,香港メニュー,メニュー作成,メニュー印刷会社,ZPrintPro,即日メニュー","防水防油PVC材質，易清潔耐用。餐廳、咖啡店首選。 智印港提供專業餐牌印刷服務，品質保證，價格透明，即日交貨。ISO9001認證，觀塘實體工廠。","Waterproof and oil-resistant PVC material, easy to clean and durable. ZPrintPro offers professional menus printing in Hong Kong. Same-day delivery, ISO9001 certified, factory-direct pricing.","防水・耐油性PVC素材、お手入れ簡単で耐久性あり。 ZPrintProは香港のメニュー印刷専門店。最短当日納品、ISO9001認証、工場直送価格。",pvc-menus.html
MN-002,menus,laminated-menus,"過膠餐牌","Laminated Menus","ラミネートメニュー","紙質過膠處理，防水耐用且成本較低。經濟實惠之選。","Paper with lamination, waterproof and durable at lower cost.","ラミネート加工紙、防水で耐久性がありコストも低い。","過膠餐牌 | 香港專業餐牌印刷 | 智印港ZPrintPro","Laminated Menus | Professional Menus Printing Hong Kong | ZPrintPro","ラミネートメニュー | 香港メニュー印刷 | ZPrintPro","過膠餐牌,餐牌印刷,香港餐牌,餐牌定制,餐牌印刷公司,智印港,即日餐牌,急印餐牌,觀塘餐牌","Laminated Menus,Menus printing Hong Kong,custom menus,menus printing,same day menus,ZPrintPro,Kwun Tong printing","ラミネートメニュー,メニュー印刷,香港メニュー,メニュー作成,メニュー印刷会社,ZPrintPro,即日メニュー","紙質過膠處理，防水耐用且成本較低。經濟實惠之選。 智印港提供專業餐牌印刷服務，品質保證，價格透明，即日交貨。ISO9001認證，觀塘實體工廠。","Paper with lamination, waterproof and durable at lower cost. ZPrintPro offers professional menus printing in Hong Kong. Same-day delivery, ISO9001 certified, factory-direct pricing.","ラミネート加工紙、防水で耐久性がありコストも低い。 ZPrintProは香港のメニュー印刷専門店。最短当日納品、ISO9001認証、工場直送価格。",laminated-menus.html
MN-003,menus,hardcover-menus,"精裝餐牌","Hardcover Menus","高級メニュー","硬殼精裝，高檔大氣。適合高級餐廳、酒店。","Hardcover binding, elegant and grand. Perfect for fine dining restaurants, hotels.","上製本装丁、エレガントで格式高い。高級レストラン、ホテルに最適。","精裝餐牌 | 香港專業餐牌印刷 | 智印港ZPrintPro","Hardcover Menus | Professional Menus Printing Hong Kong | ZPrintPro","高級メニュー | 香港メニュー印刷 | ZPrintPro","精裝餐牌,餐牌印刷,香港餐牌,餐牌定制,餐牌印刷公司,智印港,即日餐牌,急印餐牌,觀塘餐牌","Hardcover Menus,Menus printing Hong Kong,custom menus,menus printing,same day menus,ZPrintPro,Kwun Tong printing","高級メニュー,メニュー印刷,香港メニュー,メニュー作成,メニュー印刷会社,ZPrintPro,即日メニュー","硬殼精裝，高檔大氣。適合高級餐廳、酒店。 智印港提供專業餐牌印刷服務，品質保證，價格透明，即日交貨。ISO9001認證，觀塘實體工廠。","Hardcover binding, elegant and grand. Perfect for fine dining restaurants, hotel... ZPrintPro offers professional menus printing in Hong Kong. Same-day delivery, ISO9001 certified, factory-direct pricing.","上製本装丁、エレガントで格式高い。高級レストラン、ホテルに最適。 ZPrintProは香港のメニュー印刷専門店。最短当日納品、ISO9001認証、工場直送価格。",hardcover-menus.html
MN-004,menus,drink-menus,"酒水牌","Drink Menus","ドリンクメニュー","專為酒水設計，可立式或手持。酒吧、餐廳必備。","Specially designed for drinks, can be standing or handheld.","ドリンク専用設計、立てかけまたは手持ち可能。","酒水牌 | 香港專業餐牌印刷 | 智印港ZPrintPro","Drink Menus | Professional Menus Printing Hong Kong | ZPrintPro","ドリンクメニュー | 香港メニュー印刷 | ZPrintPro","酒水牌,餐牌印刷,香港餐牌,餐牌定制,餐牌印刷公司,智印港,即日餐牌,急印餐牌,觀塘餐牌","Drink Menus,Menus printing Hong Kong,custom menus,menus printing,same day menus,ZPrintPro,Kwun Tong printing","ドリンクメニュー,メニュー印刷,香港メニュー,メニュー作成,メニュー印刷会社,ZPrintPro,即日メニュー","專為酒水設計，可立式或手持。酒吧、餐廳必備。 智印港提供專業餐牌印刷服務，品質保證，價格透明，即日交貨。ISO9001認證，觀塘實體工廠。","Specially designed for drinks, can be standing or handheld. ZPrintPro offers professional menus printing in Hong Kong. Same-day delivery, ISO9001 certified, factory-direct pricing.","ドリンク専用設計、立てかけまたは手持ち可能。 ZPrintProは香港のメニュー印刷専門店。最短当日納品、ISO9001認証、工場直送価格。",drink-menus.html
MN-005,menus,disposable-menus,"一次性餐牌","Disposable Menus","使い捨てメニュー","經濟紙質，適合快餐店、外賣店。可頻繁更換內容。","Economical paper, perfect for fast food and takeaway shops.","経済的な紙、ファストフードやテイクアウト店に最適。","一次性餐牌 | 香港專業餐牌印刷 | 智印港ZPrintPro","Disposable Menus | Professional Menus Printing Hong Kong | ZPrintPro","使い捨てメニュー | 香港メニュー印刷 | ZPrintPro","一次性餐牌,餐牌印刷,香港餐牌,餐牌定制,餐牌印刷公司,智印港,即日餐牌,急印餐牌,觀塘餐牌","Disposable Menus,Menus printing Hong Kong,custom menus,menus printing,same day menus,ZPrintPro,Kwun Tong printing","使い捨てメニュー,メニュー印刷,香港メニュー,メニュー作成,メニュー印刷会社,ZPrintPro,即日メニュー","經濟紙質，適合快餐店、外賣店。可頻繁更換內容。 智印港提供專業餐牌印刷服務，品質保證，價格透明，即日交貨。ISO9001認證，觀塘實體工廠。","Economical paper, perfect for fast food and takeaway shops. ZPrintPro offers professional menus printing in Hong Kong. Same-day delivery, ISO9001 certified, factory-direct pricing.","経済的な紙、ファストフードやテイクアウト店に最適。 ZPrintProは香港のメニュー印刷専門店。最短当日納品、ISO9001認証、工場直送価格。",disposable-menus.html
BN-001,banners,outdoor-vinyl-banners,"戶外燈布噴繪","Outdoor Vinyl Banners","屋外バナー","大型戶外燈布，防水防曬，耐候性強。適合戶外廣告牌、建築圍板。","Large outdoor vinyl banners, waterproof and UV-resistant, strong weather resistance.","大型屋外ビニールバナー、防水・UV耐性、強い耐候性。","戶外燈布噴繪 | 香港專業噴繪廣告印刷 | 智印港ZPrintPro","Outdoor Vinyl Banners | Professional Banners Printing Hong Kong | ZPrintPro","屋外バナー | 香港バナー印刷 | ZPrintPro","戶外燈布噴繪,噴繪廣告印刷,香港噴繪廣告,噴繪廣告定制,噴繪廣告印刷公司,智印港,即日噴繪廣告,急印噴繪廣告,觀塘噴繪廣告","Outdoor Vinyl Banners,Banners printing Hong Kong,custom banners,banners printing,same day banners,ZPrintPro,Kwun Tong printing","屋外バナー,バナー印刷,香港バナー,バナー作成,バナー印刷会社,ZPrintPro,即日バナー","大型戶外燈布，防水防曬，耐候性強。適合戶外廣告牌、建築圍板。 智印港提供專業噴繪廣告印刷服務，品質保證，價格透明，即日交貨。ISO9001認證，觀塘實體工廠。","Large outdoor vinyl banners, waterproof and UV-resistant, strong weather resista... ZPrintPro offers professional banners printing in Hong Kong. Same-day delivery, ISO9001 certified, factory-direct pricing.","大型屋外ビニールバナー、防水・UV耐性、強い耐候性。 ZPrintProは香港のバナー印刷専門店。最短当日納品、ISO9001認証、工場直送価格。",outdoor-vinyl-banners.html
BN-002,banners,roll-up-banners,"易拉寶","Roll-up Banners","ロールアップバナー","便攜易拉寶展架，安裝簡便。展會、路演必備。","Portable roll-up banner stands, easy to install. Essential for exhibitions and roadshows.","ポータブルロールアップバナースタンド、設置簡単。展示会やロードショーに必須。","易拉寶 | 香港專業噴繪廣告印刷 | 智印港ZPrintPro","Roll-up Banners | Professional Banners Printing Hong Kong | ZPrintPro","ロールアップバナー | 香港バナー印刷 | ZPrintPro","易拉寶,噴繪廣告印刷,香港噴繪廣告,噴繪廣告定制,噴繪廣告印刷公司,智印港,即日噴繪廣告,急印噴繪廣告,觀塘噴繪廣告","Roll-up Banners,Banners printing Hong Kong,custom banners,banners printing,same day banners,ZPrintPro,Kwun Tong printing","ロールアップバナー,バナー印刷,香港バナー,バナー作成,バナー印刷会社,ZPrintPro,即日バナー","便攜易拉寶展架，安裝簡便。展會、路演必備。 智印港提供專業噴繪廣告印刷服務，品質保證，價格透明，即日交貨。ISO9001認證，觀塘實體工廠。","Portable roll-up banner stands, easy to install. Essential for exhibitions and r... ZPrintPro offers professional banners printing in Hong Kong. Same-day delivery, ISO9001 certified, factory-direct pricing.","ポータブルロールアップバナースタンド、設置簡単。展示会やロードショーに必須。 ZPrintProは香港のバナー印刷専門店。最短当日納品、ISO9001認証、工場直送価格。",roll-up-banners.html
BN-003,banners,adhesive-banners,"背膠噴繪","Adhesive Banners","粘着バナー","自帶背膠，可直接粘貼於牆面或玻璃。適合店鋪裝飾、活動佈置。","Self-adhesive, can be directly applied to walls or glass.","自己粘着、壁やガラスに直接貼付可能。","背膠噴繪 | 香港專業噴繪廣告印刷 | 智印港ZPrintPro","Adhesive Banners | Professional Banners Printing Hong Kong | ZPrintPro","粘着バナー | 香港バナー印刷 | ZPrintPro","背膠噴繪,噴繪廣告印刷,香港噴繪廣告,噴繪廣告定制,噴繪廣告印刷公司,智印港,即日噴繪廣告,急印噴繪廣告,觀塘噴繪廣告","Adhesive Banners,Banners printing Hong Kong,custom banners,banners printing,same day banners,ZPrintPro,Kwun Tong printing","粘着バナー,バナー印刷,香港バナー,バナー作成,バナー印刷会社,ZPrintPro,即日バナー","自帶背膠，可直接粘貼於牆面或玻璃。適合店鋪裝飾、活動佈置。 智印港提供專業噴繪廣告印刷服務，品質保證，價格透明，即日交貨。ISO9001認證，觀塘實體工廠。","Self-adhesive, can be directly applied to walls or glass. ZPrintPro offers professional banners printing in Hong Kong. Same-day delivery, ISO9001 certified, factory-direct pricing.","自己粘着、壁やガラスに直接貼付可能。 ZPrintProは香港のバナー印刷専門店。最短当日納品、ISO9001認証、工場直送価格。",adhesive-banners.html
BN-004,banners,vehicle-wraps,"車身廣告","Vehicle Wraps","カーラッピング","專用車身貼紙，耐候性強，移除不留痕。流動廣告，曝光率高。","Specialized vehicle wrap vinyl, strong weather resistance, no residue when removed.","専用車体ラップビニール、強い耐候性、剥がしても残りません。","車身廣告 | 香港專業噴繪廣告印刷 | 智印港ZPrintPro","Vehicle Wraps | Professional Banners Printing Hong Kong | ZPrintPro","カーラッピング | 香港バナー印刷 | ZPrintPro","車身廣告,噴繪廣告印刷,香港噴繪廣告,噴繪廣告定制,噴繪廣告印刷公司,智印港,即日噴繪廣告,急印噴繪廣告,觀塘噴繪廣告","Vehicle Wraps,Banners printing Hong Kong,custom banners,banners printing,same day banners,ZPrintPro,Kwun Tong printing","カーラッピング,バナー印刷,香港バナー,バナー作成,バナー印刷会社,ZPrintPro,即日バナー","專用車身貼紙，耐候性強，移除不留痕。流動廣告，曝光率高。 智印港提供專業噴繪廣告印刷服務，品質保證，價格透明，即日交貨。ISO9001認證，觀塘實體工廠。","Specialized vehicle wrap vinyl, strong weather resistance, no residue when remov... ZPrintPro offers professional banners printing in Hong Kong. Same-day delivery, ISO9001 certified, factory-direct pricing.","専用車体ラップビニール、強い耐候性、剥がしても残りません。 ZPrintProは香港のバナー印刷専門店。最短当日納品、ISO9001認証、工場直送価格。",vehicle-wraps.html
BN-005,banners,mesh-banners,"網格布噴繪","Mesh Banners","メッシュバナー","網格設計，透光透風。適合大型戶外廣告、建築圍板。","Mesh design, light and air permeable. Perfect for large outdoor advertising.","メッシュデザイン、光と空気を通す。大型屋外広告に最適。","網格布噴繪 | 香港專業噴繪廣告印刷 | 智印港ZPrintPro","Mesh Banners | Professional Banners Printing Hong Kong | ZPrintPro","メッシュバナー | 香港バナー印刷 | ZPrintPro","網格布噴繪,噴繪廣告印刷,香港噴繪廣告,噴繪廣告定制,噴繪廣告印刷公司,智印港,即日噴繪廣告,急印噴繪廣告,觀塘噴繪廣告","Mesh Banners,Banners printing Hong Kong,custom banners,banners printing,same day banners,ZPrintPro,Kwun Tong printing","メッシュバナー,バナー印刷,香港バナー,バナー作成,バナー印刷会社,ZPrintPro,即日バナー","網格設計，透光透風。適合大型戶外廣告、建築圍板。 智印港提供專業噴繪廣告印刷服務，品質保證，價格透明，即日交貨。ISO9001認證，觀塘實體工廠。","Mesh design, light and air permeable. Perfect for large outdoor advertising. ZPrintPro offers professional banners printing in Hong Kong. Same-day delivery, ISO9001 certified, factory-direct pricing.","メッシュデザイン、光と空気を通す。大型屋外広告に最適。 ZPrintProは香港のバナー印刷専門店。最短当日納品、ISO9001認証、工場直送価格。",mesh-banners.html
BK-001,books,catalog-printing,"畫冊印刷","Catalog Printing","カタログ印刷","高級畫冊，色彩還原度高。適合產品目錄、企業年報、藝術作品集。","Premium catalogs with high color accuracy. Perfect for product catalogs, annual reports.","高級カタログ、高い色再現性。製品カタログ、年次報告書に最適。","畫冊印刷 | 香港專業書籍印刷 | 智印港ZPrintPro","Catalog Printing | Professional Books Printing Hong Kong | ZPrintPro","カタログ印刷 | 香港書籍印刷 | ZPrintPro","畫冊印刷,書籍印刷,香港書籍,書籍定制,書籍印刷公司,智印港,即日書籍,急印書籍,觀塘書籍","Catalog Printing,Books printing Hong Kong,custom books,books printing,same day books,ZPrintPro,Kwun Tong printing","カタログ印刷,書籍印刷,香港書籍,書籍作成,書籍印刷会社,ZPrintPro,即日書籍","高級畫冊，色彩還原度高。適合產品目錄、企業年報、藝術作品集。 智印港提供專業書籍印刷服務，品質保證，價格透明，即日交貨。ISO9001認證，觀塘實體工廠。","Premium catalogs with high color accuracy. Perfect for product catalogs, annual ... ZPrintPro offers professional books printing in Hong Kong. Same-day delivery, ISO9001 certified, factory-direct pricing.","高級カタログ、高い色再現性。製品カタログ、年次報告書に最適。 ZPrintProは香港の書籍印刷専門店。最短当日納品、ISO9001認証、工場直送価格。",catalog-printing.html
BK-002,books,saddle-stitch-booklets,"騎馬釘小冊子","Saddle Stitch Booklets","中綴じ冊子","經濟裝訂方式，適合頁數較少的冊子。產品說明書、活動手冊首選。","Economical binding method, perfect for booklets with fewer pages.","経済的な製本方法、ページ数の少ない冊子に最適。","騎馬釘小冊子 | 香港專業書籍印刷 | 智印港ZPrintPro","Saddle Stitch Booklets | Professional Books Printing Hong Kong | ZPrintPro","中綴じ冊子 | 香港書籍印刷 | ZPrintPro","騎馬釘小冊子,書籍印刷,香港書籍,書籍定制,書籍印刷公司,智印港,即日書籍,急印書籍,觀塘書籍","Saddle Stitch Booklets,Books printing Hong Kong,custom books,books printing,same day books,ZPrintPro,Kwun Tong printing","中綴じ冊子,書籍印刷,香港書籍,書籍作成,書籍印刷会社,ZPrintPro,即日書籍","經濟裝訂方式，適合頁數較少的冊子。產品說明書、活動手冊首選。 智印港提供專業書籍印刷服務，品質保證，價格透明，即日交貨。ISO9001認證，觀塘實體工廠。","Economical binding method, perfect for booklets with fewer pages. ZPrintPro offers professional books printing in Hong Kong. Same-day delivery, ISO9001 certified, factory-direct pricing.","経済的な製本方法、ページ数の少ない冊子に最適。 ZPrintProは香港の書籍印刷専門店。最短当日納品、ISO9001認証、工場直送価格。",saddle-stitch-booklets.html
BK-003,books,perfect-bound-books,"無線膠裝書籍","Perfect Bound Books","無線綴じ本","平整書脊，可印刷書名。適合頁數較多的書籍、雜誌。","Flat spine, can print book title. Perfect for books and magazines with more pages.","平らな背表紙、書名を印刷可能。ページ数の多い本や雑誌に最適。","無線膠裝書籍 | 香港專業書籍印刷 | 智印港ZPrintPro","Perfect Bound Books | Professional Books Printing Hong Kong | ZPrintPro","無線綴じ本 | 香港書籍印刷 | ZPrintPro","無線膠裝書籍,書籍印刷,香港書籍,書籍定制,書籍印刷公司,智印港,即日書籍,急印書籍,觀塘書籍","Perfect Bound Books,Books printing Hong Kong,custom books,books printing,same day books,ZPrintPro,Kwun Tong printing","無線綴じ本,書籍印刷,香港書籍,書籍作成,書籍印刷会社,ZPrintPro,即日書籍","平整書脊，可印刷書名。適合頁數較多的書籍、雜誌。 智印港提供專業書籍印刷服務，品質保證，價格透明，即日交貨。ISO9001認證，觀塘實體工廠。","Flat spine, can print book title. Perfect for books and magazines with more page... ZPrintPro offers professional books printing in Hong Kong. Same-day delivery, ISO9001 certified, factory-direct pricing.","平らな背表紙、書名を印刷可能。ページ数の多い本や雑誌に最適。 ZPrintProは香港の書籍印刷専門店。最短当日納品、ISO9001認証、工場直送価格。",perfect-bound-books.html
BK-004,books,hardcover-books,"精裝書籍","Hardcover Books","上製本","硬殼精裝，高檔耐用。適合珍藏版書籍、企業年鑑。","Hardcover binding, luxurious and durable. Perfect for collector\","上製本装丁、豪華で耐久性あり。愛蔵版、企業年鑑に最適。","精裝書籍 | 香港專業書籍印刷 | 智印港ZPrintPro","Hardcover Books | Professional Books Printing Hong Kong | ZPrintPro","上製本 | 香港書籍印刷 | ZPrintPro","精裝書籍,書籍印刷,香港書籍,書籍定制,書籍印刷公司,智印港,即日書籍,急印書籍,觀塘書籍","Hardcover Books,Books printing Hong Kong,custom books,books printing,same day books,ZPrintPro,Kwun Tong printing","上製本,書籍印刷,香港書籍,書籍作成,書籍印刷会社,ZPrintPro,即日書籍","硬殼精裝，高檔耐用。適合珍藏版書籍、企業年鑑。 智印港提供專業書籍印刷服務，品質保證，價格透明，即日交貨。ISO9001認證，觀塘實體工廠。","Hardcover binding, luxurious and durable. Perfect for collector\ ZPrintPro offers professional books printing in Hong Kong. Same-day delivery, ISO9001 certified, factory-direct pricing.","上製本装丁、豪華で耐久性あり。愛蔵版、企業年鑑に最適。 ZPrintProは香港の書籍印刷専門店。最短当日納品、ISO9001認証、工場直送価格。",hardcover-books.html
BK-005,books,spiral-notebooks,"線圈筆記本","Spiral Notebooks","リングノート","線圈裝訂，可180度平攤。適合筆記本、工作手冊。","Spiral binding, can lay flat at 180 degrees. Perfect for notebooks, workbooks.","スパイラル製本、180度に開く。ノート、ワークブックに最適。","線圈筆記本 | 香港專業書籍印刷 | 智印港ZPrintPro","Spiral Notebooks | Professional Books Printing Hong Kong | ZPrintPro","リングノート | 香港書籍印刷 | ZPrintPro","線圈筆記本,書籍印刷,香港書籍,書籍定制,書籍印刷公司,智印港,即日書籍,急印書籍,觀塘書籍","Spiral Notebooks,Books printing Hong Kong,custom books,books printing,same day books,ZPrintPro,Kwun Tong printing","リングノート,書籍印刷,香港書籍,書籍作成,書籍印刷会社,ZPrintPro,即日書籍","線圈裝訂，可180度平攤。適合筆記本、工作手冊。 智印港提供專業書籍印刷服務，品質保證，價格透明，即日交貨。ISO9001認證，觀塘實體工廠。","Spiral binding, can lay flat at 180 degrees. Perfect for notebooks, workbooks. ZPrintPro offers professional books printing in Hong Kong. Same-day delivery, ISO9001 certified, factory-direct pricing.","スパイラル製本、180度に開く。ノート、ワークブックに最適。 ZPrintProは香港の書籍印刷専門店。最短当日納品、ISO9001認証、工場直送価格。",spiral-notebooks.html
EV-001,envelopes,business-envelopes,"公司信封","Business Envelopes","ビジネス封筒","定制公司信封，印上Logo和地址。專業形象，商務必備。","Custom business envelopes with logo and address. Professional image, essential for business.","カスタムビジネス封筒、ロゴと住所を印刷。プロフェッショナルなイメージ。","公司信封 | 香港專業信封印刷 | 智印港ZPrintPro","Business Envelopes | Professional Envelopes Printing Hong Kong | ZPrintPro","ビジネス封筒 | 香港封筒印刷 | ZPrintPro","公司信封,信封印刷,香港信封,信封定制,信封印刷公司,智印港,即日信封,急印信封,觀塘信封","Business Envelopes,Envelopes printing Hong Kong,custom envelopes,envelopes printing,same day envelopes,ZPrintPro,Kwun Tong printing","ビジネス封筒,封筒印刷,香港封筒,封筒作成,封筒印刷会社,ZPrintPro,即日封筒","定制公司信封，印上Logo和地址。專業形象，商務必備。 智印港提供專業信封印刷服務，品質保證，價格透明，即日交貨。ISO9001認證，觀塘實體工廠。","Custom business envelopes with logo and address. Professional image, essential f... ZPrintPro offers professional envelopes printing in Hong Kong. Same-day delivery, ISO9001 certified, factory-direct pricing.","カスタムビジネス封筒、ロゴと住所を印刷。プロフェッショナルなイメージ。 ZPrintProは香港の封筒印刷専門店。最短当日納品、ISO9001認証、工場直送価格。",business-envelopes.html
EV-002,envelopes,colored-envelopes,"彩色信封","Colored Envelopes","カラー封筒","彩色印刷，視覺吸引力強。適合邀請函、賀卡、營銷郵件。","Colorful printing, strong visual appeal. Perfect for invitations, greeting cards.","カラフルな印刷、強い視覚的アピール。招待状、グリーティングカードに最適。","彩色信封 | 香港專業信封印刷 | 智印港ZPrintPro","Colored Envelopes | Professional Envelopes Printing Hong Kong | ZPrintPro","カラー封筒 | 香港封筒印刷 | ZPrintPro","彩色信封,信封印刷,香港信封,信封定制,信封印刷公司,智印港,即日信封,急印信封,觀塘信封","Colored Envelopes,Envelopes printing Hong Kong,custom envelopes,envelopes printing,same day envelopes,ZPrintPro,Kwun Tong printing","カラー封筒,封筒印刷,香港封筒,封筒作成,封筒印刷会社,ZPrintPro,即日封筒","彩色印刷，視覺吸引力強。適合邀請函、賀卡、營銷郵件。 智印港提供專業信封印刷服務，品質保證，價格透明，即日交貨。ISO9001認證，觀塘實體工廠。","Colorful printing, strong visual appeal. Perfect for invitations, greeting cards... ZPrintPro offers professional envelopes printing in Hong Kong. Same-day delivery, ISO9001 certified, factory-direct pricing.","カラフルな印刷、強い視覚的アピール。招待状、グリーティングカードに最適。 ZPrintProは香港の封筒印刷専門店。最短当日納品、ISO9001認証、工場直送価格。",colored-envelopes.html
EV-003,envelopes,large-envelopes,"大號信封","Large Envelopes","大判封筒","A4尺寸大信封，可裝入文件、合同。辦公室必備。","A4 size large envelopes, can hold documents and contracts. Office essential.","A4サイズの大きな封筒、書類や契約書を入れられます。オフィスに必須。","大號信封 | 香港專業信封印刷 | 智印港ZPrintPro","Large Envelopes | Professional Envelopes Printing Hong Kong | ZPrintPro","大判封筒 | 香港封筒印刷 | ZPrintPro","大號信封,信封印刷,香港信封,信封定制,信封印刷公司,智印港,即日信封,急印信封,觀塘信封","Large Envelopes,Envelopes printing Hong Kong,custom envelopes,envelopes printing,same day envelopes,ZPrintPro,Kwun Tong printing","大判封筒,封筒印刷,香港封筒,封筒作成,封筒印刷会社,ZPrintPro,即日封筒","A4尺寸大信封，可裝入文件、合同。辦公室必備。 智印港提供專業信封印刷服務，品質保證，價格透明，即日交貨。ISO9001認證，觀塘實體工廠。","A4 size large envelopes, can hold documents and contracts. Office essential. ZPrintPro offers professional envelopes printing in Hong Kong. Same-day delivery, ISO9001 certified, factory-direct pricing.","A4サイズの大きな封筒、書類や契約書を入れられます。オフィスに必須。 ZPrintProは香港の封筒印刷専門店。最短当日納品、ISO9001認証、工場直送価格。",large-envelopes.html
EV-004,envelopes,pearl-envelopes,"珠光信封","Pearl Envelopes","パール封筒","珠光紙張，閃耀質感。適合婚禮邀請、高端活動。","Pearl paper, shimmering quality. Perfect for wedding invitations, high-end events.","パール紙、輝く質感。結婚式の招待状、高級イベントに最適。","珠光信封 | 香港專業信封印刷 | 智印港ZPrintPro","Pearl Envelopes | Professional Envelopes Printing Hong Kong | ZPrintPro","パール封筒 | 香港封筒印刷 | ZPrintPro","珠光信封,信封印刷,香港信封,信封定制,信封印刷公司,智印港,即日信封,急印信封,觀塘信封","Pearl Envelopes,Envelopes printing Hong Kong,custom envelopes,envelopes printing,same day envelopes,ZPrintPro,Kwun Tong printing","パール封筒,封筒印刷,香港封筒,封筒作成,封筒印刷会社,ZPrintPro,即日封筒","珠光紙張，閃耀質感。適合婚禮邀請、高端活動。 智印港提供專業信封印刷服務，品質保證，價格透明，即日交貨。ISO9001認證，觀塘實體工廠。","Pearl paper, shimmering quality. Perfect for wedding invitations, high-end event... ZPrintPro offers professional envelopes printing in Hong Kong. Same-day delivery, ISO9001 certified, factory-direct pricing.","パール紙、輝く質感。結婚式の招待状、高級イベントに最適。 ZPrintProは香港の封筒印刷専門店。最短当日納品、ISO9001認証、工場直送価格。",pearl-envelopes.html
ED-001,educational,exercise-books,"作業簿印刷","Exercise Books","ワークブック印刷","學校作業簿，可定制封面和內頁格式。適合中小學、補習社。","School exercise books, customizable cover and inner page formats. Perfect for schools.","学校のワークブック、カスタマイズ可能な表紙と内側ページ形式。小中校、塾に最適。","作業簿印刷 | 香港專業校園教育印刷 | 智印港ZPrintPro","Exercise Books | Professional Educational Printing Hong Kong | ZPrintPro","ワークブック印刷 | 香港教育印刷 | ZPrintPro","作業簿印刷,校園教育印刷,香港校園教育,校園教育定制,校園教育印刷公司,智印港,即日校園教育,急印校園教育,觀塘校園教育","Exercise Books,Educational printing Hong Kong,custom educational,educational printing,same day educational,ZPrintPro,Kwun Tong printing","ワークブック印刷,教育印刷,香港教育,教育作成,教育印刷会社,ZPrintPro,即日教育","學校作業簿，可定制封面和內頁格式。適合中小學、補習社。 智印港提供專業校園教育印刷服務，品質保證，價格透明，即日交貨。ISO9001認證，觀塘實體工廠。","School exercise books, customizable cover and inner page formats. Perfect for sc... ZPrintPro offers professional educational printing in Hong Kong. Same-day delivery, ISO9001 certified, factory-direct pricing.","学校のワークブック、カスタマイズ可能な表紙と内側ページ形式。小中校、塾に最適。 ZPrintProは香港の教育印刷専門店。最短当日納品、ISO9001認証、工場直送価格。",exercise-books.html
ED-002,educational,certificates,"證書印刷","Certificates","賞状印刷","精美證書，配合燙金、壓紋等工藝。畢業證書、獎狀、資格證明。","Exquisite certificates with foil stamping, embossing and other processes.","精巧な賞状、箔押し・エンボスなどの加工付き。卒業証書、賞状、資格証明。","證書印刷 | 香港專業校園教育印刷 | 智印港ZPrintPro","Certificates | Professional Educational Printing Hong Kong | ZPrintPro","賞状印刷 | 香港教育印刷 | ZPrintPro","證書印刷,校園教育印刷,香港校園教育,校園教育定制,校園教育印刷公司,智印港,即日校園教育,急印校園教育,觀塘校園教育","Certificates,Educational printing Hong Kong,custom educational,educational printing,same day educational,ZPrintPro,Kwun Tong printing","賞状印刷,教育印刷,香港教育,教育作成,教育印刷会社,ZPrintPro,即日教育","精美證書，配合燙金、壓紋等工藝。畢業證書、獎狀、資格證明。 智印港提供專業校園教育印刷服務，品質保證，價格透明，即日交貨。ISO9001認證，觀塘實體工廠。","Exquisite certificates with foil stamping, embossing and other processes. ZPrintPro offers professional educational printing in Hong Kong. Same-day delivery, ISO9001 certified, factory-direct pricing.","精巧な賞状、箔押し・エンボスなどの加工付き。卒業証書、賞状、資格証明。 ZPrintProは香港の教育印刷専門店。最短当日納品、ISO9001認証、工場直送価格。",certificates.html
ED-003,educational,school-flyers,"學校單張","School Flyers","学校チラシ","學校通告、活動宣傳單張。經濟實惠，大量印刷。","School notices, event promotional flyers. Economical, bulk printing.","学校の通知、イベント宣伝チラシ。経済的、大量印刷。","學校單張 | 香港專業校園教育印刷 | 智印港ZPrintPro","School Flyers | Professional Educational Printing Hong Kong | ZPrintPro","学校チラシ | 香港教育印刷 | ZPrintPro","學校單張,校園教育印刷,香港校園教育,校園教育定制,校園教育印刷公司,智印港,即日校園教育,急印校園教育,觀塘校園教育","School Flyers,Educational printing Hong Kong,custom educational,educational printing,same day educational,ZPrintPro,Kwun Tong printing","学校チラシ,教育印刷,香港教育,教育作成,教育印刷会社,ZPrintPro,即日教育","學校通告、活動宣傳單張。經濟實惠，大量印刷。 智印港提供專業校園教育印刷服務，品質保證，價格透明，即日交貨。ISO9001認證，觀塘實體工廠。","School notices, event promotional flyers. Economical, bulk printing. ZPrintPro offers professional educational printing in Hong Kong. Same-day delivery, ISO9001 certified, factory-direct pricing.","学校の通知、イベント宣伝チラシ。経済的、大量印刷。 ZPrintProは香港の教育印刷専門店。最短当日納品、ISO9001認証、工場直送価格。",school-flyers.html
ED-004,educational,textbooks,"教科書印刷","Textbooks","教科書印刷","教材、教科書印刷。專業排版，品質保證。","Teaching materials, textbook printing. Professional typesetting, quality guaranteed.","教材、教科書の印刷。プロの組版、品質保証。","教科書印刷 | 香港專業校園教育印刷 | 智印港ZPrintPro","Textbooks | Professional Educational Printing Hong Kong | ZPrintPro","教科書印刷 | 香港教育印刷 | ZPrintPro","教科書印刷,校園教育印刷,香港校園教育,校園教育定制,校園教育印刷公司,智印港,即日校園教育,急印校園教育,觀塘校園教育","Textbooks,Educational printing Hong Kong,custom educational,educational printing,same day educational,ZPrintPro,Kwun Tong printing","教科書印刷,教育印刷,香港教育,教育作成,教育印刷会社,ZPrintPro,即日教育","教材、教科書印刷。專業排版，品質保證。 智印港提供專業校園教育印刷服務，品質保證，價格透明，即日交貨。ISO9001認證，觀塘實體工廠。","Teaching materials, textbook printing. Professional typesetting, quality guarant... ZPrintPro offers professional educational printing in Hong Kong. Same-day delivery, ISO9001 certified, factory-direct pricing.","教材、教科書の印刷。プロの組版、品質保証。 ZPrintProは香港の教育印刷専門店。最短当日納品、ISO9001認証、工場直送価格。",textbooks.html