q,clicks_o,imps_o,ctr_o,pos_o,qn
印袋,0,347,0%,33.71,印袋
紙袋設計,0,314,0%,39.69,紙袋設計
印刷即日速遞送貨,0,222,0%,9.14,印刷即日速遞送貨
印袋香港,0,179,0%,34.06,印袋香港
袋印製,0,174,0%,40.32,袋印製
購物袋印刷,0,165,0%,39.27,購物袋印刷
環保袋印刷,0,161,0%,49.79,環保袋印刷
購物袋印製,0,144,0%,54.81,購物袋印製
包裝袋訂製,0,140,0%,57.11,包裝袋訂製
紙盒設計印刷,0,139,0%,44.88,紙盒設計印刷
印刷 包裝袋,0,129,0%,51.72,印刷 包裝袋
喜帖印刷,0,125,0%,45.48,喜帖印刷
購物袋訂製,0,122,0%,60.7,購物袋訂製
袋訂製,0,115,0%,65.44,袋訂製
布袋印刷,0,111,0%,66.02,布袋印刷
包裝袋印刷,0,105,0%,61.92,包裝袋印刷
膠袋訂造,0,104,0%,45.81,膠袋訂造
紙盒設計公司,0,100,0%,55.81,紙盒設計公司
膠袋訂製,0,88,0%,50.18,膠袋訂製
訂造袋,0,85,0%,55.49,訂造袋
訂做袋,0,74,0%,51.19,訂做袋
包裝 袋 印刷,0,65,0%,66.74,包裝 袋 印刷
pvc 袋訂製,0,62,0%,54.97,pvc 袋訂製
即日印刷旺角,4,61,6.56%,10.03,即日印刷旺角
pvc 袋印刷,0,59,0%,32.05,pvc 袋印刷
旺角過膠,4,57,7.02%,9.89,旺角過膠
圓形貼紙,0,55,0%,1.93,圓形貼紙
小冊子印刷少量,0,54,0%,9.78,小冊子印刷少量
購物袋訂做,0,54,0%,66.37,購物袋訂做
紙袋零售旺角,3,52,5.77%,6.63,紙袋零售旺角
a0 海報 印刷,0,52,0%,8.04,a0 海報 印刷
訂製袋子,0,49,0%,64.0,訂製袋子
布袋訂做,0,47,0%,67.96,布袋訂做
銅鑼灣打印,1,43,2.33%,8.98,銅鑼灣打印
結婚利是封旺角,4,41,9.76%,3.49,結婚利是封旺角
條碼紙香港,0,40,0%,30.0,條碼紙香港
銅鑼灣印刷,2,32,6.25%,9.44,銅鑼灣印刷
摺頁印刷,0,31,0%,23.84,摺頁印刷
標籤打印紙卷,0,28,0%,50.18,標籤打印紙卷
帆布袋印刷,0,27,0%,76.33,帆布袋印刷
櫥窗貼紙印刷,0,27,0%,46.37,櫥窗貼紙印刷
畢業紀念冊香港,1,27,3.7%,15.7,畢業紀念冊香港
目錄印刷,0,25,0%,5.12,目錄印刷
易拉架 即日,0,25,0%,11.32,易拉架 即日
環保袋訂製價錢,0,25,0%,47.96,環保袋訂製價錢
printing 24 hr,0,22,0%,27.36,printing 24 hr
布袋訂製,0,21,0%,68.52,布袋訂製
24小時打印服務旺角,0,20,0%,9.9,24小時打印服務旺角
旺角 印刷,0,18,0%,35.28,旺角 印刷
銅鑼灣print野,0,17,0%,9.06,銅鑼灣print野
印獎狀,0,17,0%,6.47,印獎狀
小冊子印刷,1,16,6.25%,23.62,小冊子印刷
紙 盒 包裝,0,15,0%,50.87,紙 盒 包裝
學生證印刷,0,14,0%,46.71,學生證印刷
紙 盒 印刷,0,14,0%,41.0,紙 盒 印刷
banner 即日,3,14,21.43%,8.93,banner 即日
環保 袋 印 製,0,14,0%,49.79,環保 袋 印 製
+86 181,0,13,0%,8.15,+86 181
銅鑼灣 影印,0,11,0%,22.09,銅鑼灣 影印
qr code 貼紙,1,11,9.09%,6.09,qr code 貼紙
購物袋 訂製,0,11,0%,64.27,購物袋 訂製
銅鑼灣 影印 鋪,0,10,0%,21.5,銅鑼灣 影印 鋪
封套,0,10,0%,8.3,封套
自製qr code貼紙,0,10,0%,10.2,自製qr code貼紙
防水貼紙自己印,0,10,0%,9.7,防水貼紙自己印
防水車貼,0,9,0%,40.67,防水車貼
訂製袋,0,9,0%,67.33,訂製袋
文件袋訂製,0,9,0%,41.67,文件袋訂製
戶外可移貼紙,0,9,0%,25.78,戶外可移貼紙
快印易,0,9,0%,11.11,快印易
論文印刷,2,9,22.22%,5.89,論文印刷
a0 印刷 即日,0,8,0%,13.88,a0 印刷 即日
预付市名片,0,8,0%,8.25,预付市名片
"""欣欣图文"" ""专业快印论文""",0,8,0%,6.0,"""欣欣图文"" ""专业快印论文"""
旺角 戶外廣告,0,8,0%,43.88,旺角 戶外廣告
請帖印刷,0,7,0%,47.43,請帖印刷
a2彩色列印價格,0,7,0%,1.0,a2彩色列印價格
印名片,0,6,0%,10.83,印名片
瓦楞紙盒,0,6,0%,23.0,瓦楞紙盒
印喜帖價錢,0,6,0%,41.17,印喜帖價錢
印請帖價錢,0,6,0%,35.67,印請帖價錢
論文 印刷,2,5,40%,7.4,論文 印刷
school print,0,5,0%,6.0,school print
教育印刷,0,5,0%,5.4,教育印刷
香港名片,0,5,0%,3.6,香港名片
旺角利是封,0,5,0%,4.6,旺角利是封
婚禮海報,0,5,0%,1.0,婚禮海報
珍珠卡,0,5,0%,2.0,珍珠卡
證書印刷一張,2,5,40%,12.0,證書印刷一張
訂袋,0,5,0%,70.0,訂袋
殺菌貼紙,0,5,0%,25.8,殺菌貼紙
婚禮印刷,0,5,0%,25.2,婚禮印刷
包裝 盒,0,5,0%,24.6,包裝 盒
布紋紙,0,5,0%,22.8,布紋紙
a1 影印 店,0,5,0%,11.0,a1 影印 店
印刷小冊子,0,5,0%,10.0,印刷小冊子
証書印刷,0,5,0%,8.8,証書印刷
印刷 旺角,0,5,0%,27.8,印刷 旺角
印喜帖推薦香港,0,5,0%,33.4,印喜帖推薦香港
喜帖印刷香港,0,5,0%,31.6,喜帖印刷香港
a5 印刷,0,5,0%,38.6,a5 印刷
印名片價格,1,4,25%,2.75,印名片價格
學校獎狀,0,4,0%,7.75,學校獎狀
圓形貼紙印刷,0,4,0%,6.0,圓形貼紙印刷
a1 海報 印刷,1,4,25%,14.75,a1 海報 印刷
a5印刷,1,4,25%,10.5,a5印刷
手提袋定制厂家推荐,0,4,0%,7.75,手提袋定制厂家推荐
影印,0,4,0%,94.25,影印
澳門環保袋印刷,0,4,0%,49.75,澳門環保袋印刷
印帖香港,0,4,0%,34.75,印帖香港
a4 折 三 折,0,4,0%,15.75,a4 折 三 折
出血位,0,4,0%,11.0,出血位
a5 小冊子 印刷,0,4,0%,9.5,a5 小冊子 印刷
環保包裝盒,0,4,0%,8.25,環保包裝盒
小冊子 印刷,0,3,0%,22.33,小冊子 印刷
名片打印,0,3,0%,21.67,名片打印
印卡片即日,0,3,0%,19.0,印卡片即日
印刷 急件,0,3,0%,8.67,印刷 急件
再生紙印刷,0,3,0%,8.0,再生紙印刷
a3 海報 印刷,0,3,0%,8.0,a3 海報 印刷
印獎狀的紙,0,3,0%,7.0,印獎狀的紙
獎狀列印,0,3,0%,6.0,獎狀列印
印a1 價錢,0,3,0%,3.67,印a1 價錢
印論文,2,3,66.67%,2.33,印論文
大量 印刷,0,3,0%,36.67,大量 印刷
印囍帖,0,3,0%,35.33,印囍帖
印帖公司,0,3,0%,34.0,印帖公司
學生手冊設計,0,3,0%,25.33,學生手冊設計
c5 信封,0,3,0%,24.33,c5 信封
卡片印刷即日,0,3,0%,23.33,卡片印刷即日
印 帖,0,3,0%,41.67,印 帖
年曆咭,0,3,0%,47.0,年曆咭
a5 紙,0,3,0%,51.0,a5 紙
廣告 噴 畫,0,3,0%,59.33,廣告 噴 畫
影印 文件,0,3,0%,63.0,影印 文件
婚宴背板,0,3,0%,40.0,婚宴背板
印帖平,0,3,0%,38.0,印帖平
印證書紙,0,2,0%,6.5,印證書紙
名片一盒,0,2,0%,2.0,名片一盒
printpro,0,2,0%,2.5,printpro
封套印刷,0,2,0%,3.0,封套印刷
写真布,0,2,0%,4.5,写真布
異形貼紙,0,2,0%,6.0,異形貼紙
海報印刷旺角,0,2,0%,10.0,海報印刷旺角
牛皮紙袋深水埗,0,2,0%,10.0,牛皮紙袋深水埗
a4貼紙,0,2,0%,11.0,a4貼紙
hk$398,0,2,0%,11.5,hk$398
快速印名片,0,2,0%,12.0,快速印名片
急件印刷,0,2,0%,12.0,急件印刷
名片印刷價格,0,2,0%,13.0,名片印刷價格
珠光紙,0,2,0%,14.0,珠光紙
再生紙 印刷,1,2,50%,1.0,再生紙 印刷
紀念冊 香港,0,2,0%,6.5,紀念冊 香港
$0.6,0,2,0%,7.5,$0.6
24小時影印旺角,0,2,0%,7.5,24小時影印旺角
列印獎狀,0,2,0%,8.0,列印獎狀
珠光紙印刷,0,2,0%,8.0,珠光紙印刷
小學手冊內頁,0,2,0%,8.5,小學手冊內頁
a1海報印刷,0,2,0%,10.0,a1海報印刷
86181,0,2,0%,1.0,86181
a2 印刷,0,2,0%,1.0,a2 印刷
香港燈箱,0,2,0%,1.0,香港燈箱
標籤貼紙印刷,0,2,0%,24.0,標籤貼紙印刷
快印店,0,2,0%,26.5,快印店
貼紙 香港,0,2,0%,26.5,貼紙 香港
a1 打印,0,2,0%,27.0,a1 打印
24 hour printing service,0,2,0%,29.0,24 hour printing service
a1 size 影印 價錢,0,2,0%,16.5,a1 size 影印 價錢
貼紙背膠,0,2,0%,18.5,貼紙背膠
珠光 紙,0,2,0%,22.5,珠光 紙
瓦楞紙 盒,0,2,0%,29.5,瓦楞紙 盒
印貼紙價錢,0,2,0%,29.5,印貼紙價錢
現成禮盒,0,2,0%,36.0,現成禮盒
印banner,0,2,0%,54.0,印banner
列 印,0,2,0%,50.0,列 印
訂 造 袋,0,2,0%,48.5,訂 造 袋
月曆訂製,0,2,0%,46.0,月曆訂製
燈箱yupo紙,0,2,0%,43.5,燈箱yupo紙
喜帖 印刷,0,2,0%,59.0,喜帖 印刷
紙盒包裝,0,2,0%,57.0,紙盒包裝
qr code labels,0,2,0%,87.0,qr code labels
噴畫公司,0,2,0%,83.0,噴畫公司
噴畫,0,2,0%,80.0,噴畫
噴 畫 公司,0,2,0%,77.5,噴 畫 公司
qr code label,0,2,0%,73.5,qr code label
印刷出血設定,0,2,0%,67.0,印刷出血設定
outdoor sticker,0,2,0%,55.0,outdoor sticker
名片快印,1,1,100%,4.0,名片快印
香港印刷少量,0,1,0%,55.0,香港印刷少量
写真印刷,1,1,100%,13.0,写真印刷
卡片 印刷,0,1,0%,63.0,卡片 印刷
a5 paper,0,1,0%,53.0,a5 paper
2 hour business cards,0,1,0%,56.0,2 hour business cards
訂造環保袋,0,1,0%,56.0,訂造環保袋
包裝 盒 訂 製,0,1,0%,50.0,包裝 盒 訂 製
觀塘印刷即日,0,1,0%,49.0,觀塘印刷即日
a4 printer labels,0,1,0%,52.0,a4 printer labels
金色卡紙,0,1,0%,51.0,金色卡紙
特闊燈片,0,1,0%,71.0,特闊燈片
print 貼紙,0,1,0%,74.0,print 貼紙
條碼紙,0,1,0%,69.0,條碼紙
印 傳單,0,1,0%,70.0,印 傳單
手提紙袋,0,1,0%,57.0,手提紙袋
影印 速遞,0,1,0%,57.0,影印 速遞
列印,0,1,0%,68.0,列印
fsc 印刷,1,1,100%,1.0,fsc 印刷
食品 貼紙,1,1,100%,11.0,食品 貼紙
a3 印刷,1,1,100%,6.0,a3 印刷
+86181,0,1,0%,1.0,+86181
24 hours,0,1,0%,1.0,24 hours
a1大圖輸出,0,1,0%,1.0,a1大圖輸出
a1海報價格,0,1,0%,1.0,a1海報價格
a2列印,0,1,0%,1.0,a2列印
a4 三折頁,0,1,0%,1.0,a4 三折頁
c6尺寸,0,1,0%,1.0,c6尺寸
z print,0,1,0%,1.0,z print
印名片 快速,0,1,0%,1.0,印名片 快速
啞膜,0,1,0%,1.0,啞膜
喜糖袋,0,1,0%,1.0,喜糖袋
好耐,0,1,0%,1.0,好耐
幾錢左右,0,1,0%,1.0,幾錢左右
彩盒,0,1,0%,1.0,彩盒
校印,0,1,0%,1.0,校印
特急快印,0,1,0%,1.0,特急快印
獎狀紙,0,1,0%,1.0,獎狀紙
盒子印刷,0,1,0%,1.0,盒子印刷
禮物袋香港,0,1,0%,1.0,禮物袋香港
論文印刷價格,0,1,0%,1.0,論文印刷價格
食品標籤貼紙,0,1,0%,1.0,食品標籤貼紙
價錢大約,0,1,0%,2.0,價錢大約
卒業證書,0,1,0%,2.0,卒業證書
報價,0,1,0%,2.0,報價
最便宜,0,1,0%,2.0,最便宜
珍珠紙印刷,0,1,0%,2.0,珍珠紙印刷
現在,0,1,0%,2.0,現在
a3呢,0,1,0%,3.0,a3呢
仲有冇,0,1,0%,3.0,仲有冇
小學,0,1,0%,3.0,小學
旺角 利是封,0,1,0%,3.0,旺角 利是封
瓦楞彩盒,0,1,0%,4.0,瓦楞彩盒
a0 海報 輸出 價格,0,1,0%,5.0,a0 海報 輸出 價格
最平？,0,1,0%,5.0,最平？
有價錢嗎,0,1,0%,5.0,有價錢嗎
畢業紀念冊 香港,0,1,0%,5.0,畢業紀念冊 香港
a1印刷,0,1,0%,6.0,a1印刷
印名片推薦,0,1,0%,6.0,印名片推薦
即日 名刺,0,1,0%,6.0,即日 名刺
文件封套,0,1,0%,6.0,文件封套
名片一盒多少錢,0,1,0%,7.0,名片一盒多少錢
手提袋印刷定制服务,0,1,0%,7.0,手提袋印刷定制服务
香港快印,0,1,0%,7.0,香港快印
print a1 poster,0,1,0%,8.0,print a1 poster
z印,0,1,0%,8.0,z印
印刷a1,0,1,0%,8.0,印刷a1
print poster a1,0,1,0%,9.0,print poster a1
tarpaulin printing,0,1,0%,9.0,tarpaulin printing
入紙,0,1,0%,9.0,入紙
名片 印刷,0,1,0%,9.0,名片 印刷
宣傳單英文,0,1,0%,9.0,宣傳單英文
a1poster,0,1,0%,10.0,a1poster
print a2 poster,0,1,0%,10.0,print a2 poster
入帖,0,1,0%,10.0,入帖
印刷 小冊子,0,1,0%,10.0,印刷 小冊子
單面印刷,0,1,0%,10.0,單面印刷
手冊印刷,0,1,0%,10.0,手冊印刷
燙紅金,0,1,0%,10.0,燙紅金
燙金名片,0,1,0%,10.0,燙金名片
論文裝訂,0,1,0%,10.0,論文裝訂
24hr print shop,0,1,0%,11.0,24hr print shop
a4 三折,0,1,0%,11.0,a4 三折
a4折三折,0,1,0%,11.0,a4折三折
hk$299,0,1,0%,11.0,hk$299
印刷名片,0,1,0%,11.0,印刷名片
覆啞膜,0,1,0%,11.0,覆啞膜
透明包裝袋旺角,0,1,0%,11.0,透明包裝袋旺角
金紙印刷,0,1,0%,11.0,金紙印刷
"hk$3,999",0,1,0%,12.0,"hk$3,999"
快速名片印刷,0,1,0%,12.0,快速名片印刷
平價印刷,0,1,0%,13.0,平價印刷
印刷信封,0,1,0%,14.0,印刷信封
a0 印刷,0,1,0%,15.0,a0 印刷
school printer,0,1,0%,16.0,school printer
24小時印刷店,0,1,0%,17.0,24小時印刷店
獎狀印刷,0,1,0%,17.0,獎狀印刷
香港年曆,0,1,0%,17.0,香港年曆
耐高溫貼紙,0,1,0%,18.0,耐高溫貼紙
印刷貼紙,0,1,0%,19.0,印刷貼紙
三折頁印刷,0,1,0%,22.0,三折頁印刷
印刷包裝,0,1,0%,22.0,印刷包裝
銅鑼灣影印店,0,1,0%,23.0,銅鑼灣影印店
印製提袋,0,1,0%,24.0,印製提袋
獎狀 印刷,0,1,0%,25.0,獎狀 印刷
圓 形 貼紙,0,1,0%,28.0,圓 形 貼紙
有照片可以參考嗎,0,1,0%,28.0,有照片可以參考嗎
銅鑼灣影印舖,0,1,0%,29.0,銅鑼灣影印舖
香港 貼紙,0,1,0%,30.0,香港 貼紙
包裝膠膜旺角,0,1,0%,31.0,包裝膠膜旺角
印卡片價錢,0,1,0%,31.0,印卡片價錢
快速印貼紙,0,1,0%,31.0,快速印貼紙
彩印,0,1,0%,32.0,彩印
旺角打印,0,1,0%,32.0,旺角打印
printing shop causeway bay,0,1,0%,34.0,printing shop causeway bay
旺角 打印,0,1,0%,34.0,旺角 打印
印喜帖價格,0,1,0%,35.0,印喜帖價格
順豐寄海報,0,1,0%,36.0,順豐寄海報
旺角影印價錢,0,1,0%,37.0,旺角影印價錢
銅鑼灣影印,0,1,0%,37.0,銅鑼灣影印
c5 envelope,0,1,0%,38.0,c5 envelope
燙金紙,0,1,0%,40.0,燙金紙
單張,0,1,0%,42.0,單張
澳門玻璃貼紙印刷,0,1,0%,42.0,澳門玻璃貼紙印刷
婚禮backdrop價錢,0,1,0%,43.0,婚禮backdrop價錢
可打印標籤貼紙,0,1,0%,44.0,可打印標籤貼紙
旗袋訂製,0,1,0%,44.0,旗袋訂製
速印,0,1,0%,44.0,速印
邊度有紙袋買,0,1,0%,44.0,邊度有紙袋買
bulk print,0,1,0%,47.0,bulk print
內光燈布,0,1,0%,47.0,內光燈布
手冊,0,1,0%,47.0,手冊
型錄印製,0,1,0%,48.0,型錄印製
qr code stickers,0,1,0%,79.0,qr code stickers
a4 label sheets,0,1,0%,99.0,a4 label sheets
