q,clicks_o,imps_o,pos_o,clicks_n,imps_n,pos_n,lane
紙盒訂製,0,447,37.91,0,122,58.65,NEW(跨境B2B钱词)
紙袋印刷,1,393,29.34,0,261,19.68,NEW(跨境B2B钱词)
紙袋訂製,0,381,35.92,0,223,54.49,NEW(跨境B2B钱词)
包裝盒印刷,0,359,27.34,0,157,50.62,NEW(跨境B2B钱词)
宣傳單張印刷,1,357,34.66,1,291,38.71,NEW(跨境B2B钱词)
印海報,0,347,31.27,0,244,36.16,NEW(跨境B2B钱词)
宣傳單張,0,336,47.02,0,299,40.29,NEW(跨境B2B钱词)
紙盒印刷,0,302,35.57,0,2,53.5,NEW(跨境B2B钱词)
海報印刷,0,295,40.94,0,261,31.43,NEW(跨境B2B钱词)
包裝盒訂製,0,291,31.5,0,185,43.54,NEW(跨境B2B钱词)
貼紙印刷,0,261,39.0,0,254,43.13,NEW(跨境B2B钱词)
食品包裝印刷,0,245,57.13,0,303,38.59,NEW(跨境B2B钱词)
戶外貼紙,0,215,27.11,0,54,37.0,NEW(跨境B2B钱词)
訂做紙袋,0,206,25.34,0,136,41.92,NEW(跨境B2B钱词)
印刷紙袋,0,197,34.4,0,125,29.12,NEW(跨境B2B钱词)
印咭片,0,190,29.07,0,53,29.55,NEW(跨境B2B钱词)
紙袋訂造,0,189,28.11,0,104,36.6,NEW(跨境B2B钱词)
紙袋訂做,0,185,22.36,0,92,48.07,NEW(跨境B2B钱词)
印紙袋,0,185,32.91,0,116,27.08,NEW(跨境B2B钱词)
紙袋印製,0,177,41.95,0,95,32.43,NEW(跨境B2B钱词)
騎馬釘印刷,0,176,30.23,0,74,38.35,NEW(跨境B2B钱词)
poster 印刷,0,174,38.45,0,122,31.24,NEW(跨境B2B钱词)
袋印刷,0,167,30.32,0,40,52.98,NEW(跨境B2B钱词)
咭片印刷,0,162,35.59,0,62,32.98,NEW(跨境B2B钱词)
印刷袋,0,151,40.3,0,3,36.33,NEW(跨境B2B钱词)
包裝印刷,0,151,37.2,0,50,52.86,NEW(跨境B2B钱词)
膠袋 印刷,0,144,46.75,0,13,59.23,NEW(跨境B2B钱词)
禮盒訂製,0,137,44.31,0,48,73.96,NEW(跨境B2B钱词)
膠袋印刷,0,135,47.49,0,11,56.82,NEW(跨境B2B钱词)
紙盒印製,0,133,39.67,0,4,66.75,NEW(跨境B2B钱词)
月曆印刷,0,129,46.15,0,93,44.02,NEW(跨境B2B钱词)
紙盒訂造,0,129,36.19,0,14,66.07,NEW(跨境B2B钱词)
紙袋,0,125,65.95,0,15,50.27,NEW(跨境B2B钱词)
印膠袋,0,125,40.02,0,40,50.67,NEW(跨境B2B钱词)
印紙盒,0,121,44.6,0,49,51.08,NEW(跨境B2B钱词)
紙袋批發,0,120,60.42,0,52,55.12,NEW(跨境B2B钱词)
海報與印刷,0,104,50.88,0,235,54.26,NEW(跨境B2B钱词)
食品印刷,0,97,31.56,0,66,38.44,NEW(跨境B2B钱词)
學校印刷,1,90,20.1,1,56,34.02,OLD(香港本地急件)
a1 印刷 即日,3,89,9.82,0,3,35.67,OLD(香港本地急件)
a3海報印刷,0,89,43.84,0,17,42.47,NEW(跨境B2B钱词)
印海報一張,0,85,35.96,0,89,48.24,OLD(香港本地急件)
貼紙訂製,0,76,33.04,0,110,57.47,NEW(跨境B2B钱词)
包裝盒,0,75,36.33,0,1,100.0,NEW(跨境B2B钱词)
禮盒訂做,0,67,33.45,0,25,68.08,NEW(跨境B2B钱词)
咭片,0,66,40.09,0,55,36.33,NEW(跨境B2B钱词)
海報過膠,0,65,46.43,0,6,37.5,OLD(香港本地急件)
poster printing hk,0,64,34.75,0,2,44.0,NEW(跨境B2B钱词)
a2 印刷 即日,4,57,8.33,1,6,10.67,OLD(香港本地急件)
月歷印刷,0,56,51.29,0,18,48.22,NEW(跨境B2B钱词)
易拉架即日,0,50,20.46,0,9,35.33,OLD(香港本地急件)
poster print a2,0,50,43.22,0,86,59.72,NEW(跨境B2B钱词)
卡片印刷,0,44,35.61,0,46,40.65,NEW(跨境B2B钱词)
公司信封,0,42,1.52,0,33,1.09,NEW(跨境B2B钱词)
poster print same day,0,42,39.02,0,2,32.5,NEW(跨境B2B钱词)
騎馬釘,0,34,55.12,0,75,43.79,NEW(跨境B2B钱词)
包裝食品 裡印,0,30,50.63,0,52,32.31,NEW(跨境B2B钱词)
即日急件,1,30,23.83,0,28,18.82,OLD(香港本地急件)
a1 poster print,0,29,46.76,0,19,61.47,NEW(跨境B2B钱词)
a1 poster print cost,0,27,51.22,0,16,56.31,NEW(跨境B2B钱词)
印卡片,0,26,59.0,0,34,36.91,NEW(跨境B2B钱词)
智印港,16,25,1.0,3,30,2.57,OLD(香港本地急件)
印貼紙,0,25,34.24,0,32,40.84,NEW(跨境B2B钱词)
食品包裝訂製,0,24,34.38,0,152,21.59,NEW(跨境B2B钱词)
海報列印,0,24,54.67,0,29,55.07,NEW(跨境B2B钱词)
室內海報,0,22,16.14,0,9,23.44,NEW(跨境B2B钱词)
a1 printing,0,22,18.23,0,10,49.0,NEW(跨境B2B钱词)
訂製利是封,0,21,35.24,0,36,47.53,NEW(跨境B2B钱词)
校 簿 印刷,0,20,23.45,0,44,25.25,NEW(跨境B2B钱词)
學校 印刷,0,20,31.25,0,18,37.33,OLD(香港本地急件)
a1 poster printing prices,0,20,46.35,0,15,54.87,NEW(跨境B2B钱词)
訂 做 紙袋,0,19,43.84,0,17,52.24,NEW(跨境B2B钱词)
包裝 印刷,0,19,48.63,0,8,49.0,NEW(跨境B2B钱词)
噴繪,0,18,7.39,0,1,1.0,NEW(跨境B2B钱词)
poster printing hong kong,0,18,27.61,0,6,28.0,NEW(跨境B2B钱词)
包裝 盒 印刷,0,17,28.41,0,10,56.1,NEW(跨境B2B钱词)
證書 影印,0,17,33.82,0,7,28.86,OLD(香港本地急件)
即日印刷,0,15,27.73,2,26,19.62,OLD(香港本地急件)
利是封訂製,0,15,32.33,0,31,52.81,NEW(跨境B2B钱词)
透明貼紙自己印,1,15,11.87,0,1,49.0,NEW(跨境B2B钱词)
訂製貼紙,0,13,53.85,0,2,58.0,NEW(跨境B2B钱词)
標籤 印刷,0,12,28.0,0,9,44.22,NEW(跨境B2B钱词)
印紙 盒,0,12,41.75,0,8,50.62,NEW(跨境B2B钱词)
利是封印刷,0,12,41.42,0,122,31.94,NEW(跨境B2B钱词)
防水貼紙,0,12,41.75,0,19,21.05,NEW(跨境B2B钱词)
海報印刷即日,0,11,13.64,0,1,19.0,OLD(香港本地急件)
貼紙印製,0,11,43.45,0,7,48.86,NEW(跨境B2B钱词)
單張印刷,0,11,31.27,0,5,24.6,NEW(跨境B2B钱词)
印刷,0,11,55.18,0,3,70.0,NEW(跨境B2B钱词)
證書印刷,0,9,20.78,2,9,16.89,OLD(香港本地急件)
傳單印刷,0,9,30.22,0,19,39.0,NEW(跨境B2B钱词)
我公司想轉用環保包裝物料，請問有冇邊啲香港中小企供應商比較專業？,0,8,1.0,0,1,1.0,NEW(跨境B2B钱词)
環保材質貼紙,0,8,39.5,0,17,13.53,NEW(跨境B2B钱词)
印傳單,0,8,24.0,0,23,36.26,NEW(跨境B2B钱词)
海報 印刷,0,7,42.57,0,6,32.83,NEW(跨境B2B钱词)
海報印刷一張,0,7,16.14,0,2,37.5,OLD(香港本地急件)
環保印刷,0,7,49.86,0,35,24.86,NEW(跨境B2B钱词)
騎馬釘裝,0,6,1.0,0,1,25.0,NEW(跨境B2B钱词)
戶外海報,0,6,47.0,0,38,19.32,NEW(跨境B2B钱词)
貼紙 印刷,0,6,45.67,0,5,53.6,NEW(跨境B2B钱词)
校簿印刷,1,6,32.0,1,5,25.0,OLD(香港本地急件)
a1 海報,1,5,1.0,0,8,2.62,NEW(跨境B2B钱词)
a1 poster printing,1,5,7.8,0,1,71.0,NEW(跨境B2B钱词)
印貼紙香港,0,5,26.2,0,6,42.83,NEW(跨境B2B钱词)
印貼紙少量香港,0,5,28.0,0,3,28.33,NEW(跨境B2B钱词)
紙袋現貨深水埗,0,5,31.6,0,2,50.5,NEW(跨境B2B钱词)
訂 制 利 是 封,0,5,34.6,0,7,44.43,NEW(跨境B2B钱词)
宣傳 單 張,0,5,56.8,0,4,46.0,NEW(跨境B2B钱词)
畫冊印刷,0,4,2.25,1,2,4.0,NEW(跨境B2B钱词)
a2 printing,0,4,10.5,0,1,13.0,NEW(跨境B2B钱词)
a1 poster,0,4,11.5,0,15,60.0,NEW(跨境B2B钱词)
印證書,0,4,13.5,0,2,22.0,OLD(香港本地急件)
標籤印刷,0,4,33.75,0,4,43.25,NEW(跨境B2B钱词)
貼紙打印,0,4,43.5,0,5,53.0,NEW(跨境B2B钱词)
貼紙製作,0,4,45.5,0,11,64.18,NEW(跨境B2B钱词)
利 是 封 印刷,0,4,53.75,0,12,32.08,NEW(跨境B2B钱词)
a2 海報 印刷,0,4,16.25,0,26,6.08,NEW(跨境B2B钱词)
香港貼紙印刷,0,4,27.0,0,5,31.4,NEW(跨境B2B钱词)
貼紙定制,0,4,28.75,0,2,28.5,NEW(跨境B2B钱词)
海報價錢,0,4,29.75,0,1,35.0,NEW(跨境B2B钱词)
利 是 封 訂 製,0,3,31.33,0,4,50.5,NEW(跨境B2B钱词)
bag printing,0,3,38.67,0,35,55.26,NEW(跨境B2B钱词)
透明貼紙,0,3,48.67,0,11,26.27,NEW(跨境B2B钱词)
防水 貼紙,0,3,55.0,0,1,33.0,NEW(跨境B2B钱词)
信封抬頭,0,3,4.33,0,1,1.0,NEW(跨境B2B钱词)
印貼紙 香港,0,3,26.67,0,2,29.5,NEW(跨境B2B钱词)
啞膠咭片,0,3,29.0,0,4,24.5,NEW(跨境B2B钱词)
訂 做 利 是 封,0,3,29.0,0,12,39.42,NEW(跨境B2B钱词)
即日 印刷,0,2,16.0,0,2,29.5,OLD(香港本地急件)
印poster,0,2,18.5,0,2,17.5,NEW(跨境B2B钱词)
名片印刷,1,2,13.0,0,1,35.0,NEW(跨境B2B钱词)
a1 print,1,2,19.5,0,1,87.0,NEW(跨境B2B钱词)
a1海報,0,2,1.0,0,35,1.0,NEW(跨境B2B钱词)
a2 海報,0,2,1.0,0,5,1.0,NEW(跨境B2B钱词)
紙袋 印刷,0,2,10.0,0,1,15.0,NEW(跨境B2B钱词)
防水貼紙印刷,0,2,11.5,0,4,11.25,NEW(跨境B2B钱词)
透明貼紙印刷,0,2,24.5,0,4,42.25,NEW(跨境B2B钱词)
利 是 封 尺寸,0,2,32.0,0,4,35.0,NEW(跨境B2B钱词)
大型海報印刷,0,2,19.5,0,1,21.0,NEW(跨境B2B钱词)
防水 貼紙 印刷,0,2,22.0,0,1,36.0,NEW(跨境B2B钱词)
紙袋零售,0,2,41.0,0,1,34.0,NEW(跨境B2B钱词)
燙金 印刷,0,2,62.0,0,3,45.67,NEW(跨境B2B钱词)
a2 poster printing,1,1,7.0,0,4,9.75,NEW(跨境B2B钱词)
校刊印刷,1,1,68.0,1,1,69.0,OLD(香港本地急件)
a2海報,0,1,1.0,0,7,1.0,NEW(跨境B2B钱词)
a5 flyer,0,1,3.0,0,1,44.0,NEW(跨境B2B钱词)
a5 leaflet printing,0,1,8.0,0,1,11.0,NEW(跨境B2B钱词)
我想為我的網店尋找一間可靠的印刷供應商，可以介紹一些中小企公司嗎？,0,1,8.0,0,2,5.0,NEW(跨境B2B钱词)
畢業紀念冊哪裡買,0,1,9.0,0,1,49.0,OLD(香港本地急件)
防水海報,0,1,10.0,0,1,1.0,NEW(跨境B2B钱词)
print a2,0,1,11.0,0,1,70.0,NEW(跨境B2B钱词)
信封印刷,0,1,13.0,0,6,13.83,NEW(跨境B2B钱词)
印刷a2,0,1,13.0,0,1,14.0,NEW(跨境B2B钱词)
a2海報印刷,0,1,15.0,0,3,8.67,NEW(跨境B2B钱词)
印盒,0,1,15.0,0,1,19.0,NEW(跨境B2B钱词)
海報價格,0,1,18.0,0,2,37.0,NEW(跨境B2B钱词)
a2 影印 店,0,1,22.0,0,1,28.0,NEW(跨境B2B钱词)
海報 印刷 價格,0,1,23.0,0,2,31.0,NEW(跨境B2B钱词)
印 海報,0,1,29.0,0,1,36.0,NEW(跨境B2B钱词)
貼紙 訂製,0,1,29.0,0,1,57.0,NEW(跨境B2B钱词)
a1 paper printing,0,1,30.0,0,1,50.0,NEW(跨境B2B钱词)
透明貼紙打印,0,1,30.0,0,1,49.0,NEW(跨境B2B钱词)
香港印貼紙,0,1,30.0,0,3,27.0,NEW(跨境B2B钱词)
啞膠,0,1,32.0,0,3,15.0,NEW(跨境B2B钱词)
客 製 貼紙,0,1,32.0,0,1,42.0,NEW(跨境B2B钱词)
印 利 是 封,0,1,33.0,0,8,32.5,NEW(跨境B2B钱词)
宣傳單印刷,0,1,34.0,0,3,44.33,NEW(跨境B2B钱词)
印宣傳單張,0,1,35.0,0,2,46.5,NEW(跨境B2B钱词)
傳單 印刷,0,1,36.0,0,2,40.0,NEW(跨境B2B钱词)
宣傳咭印刷,0,1,39.0,0,19,44.89,NEW(跨境B2B钱词)
牛皮紙袋零售,0,1,41.0,0,1,41.0,NEW(跨境B2B钱词)
紙袋 批發,0,1,48.0,0,1,54.0,NEW(跨境B2B钱词)
紙袋 尺寸,0,1,51.0,0,1,75.0,NEW(跨境B2B钱词)
公司 信封,0,1,61.0,0,2,46.5,NEW(跨境B2B钱词)
燙金印刷,0,1,67.0,0,1,65.0,NEW(跨境B2B钱词)
禮物盒訂製,0,1,69.0,0,27,38.56,NEW(跨境B2B钱词)
