排名靠前的网页,点击次数,展示,点击率,排名
https://zprintpro.com/zh-hk/product/a2-posters/,6,174,3.45%,15.8
https://zprintpro.com/zh-hk/category/posters/,6,74,8.11%,41.49
https://zprintpro.com/zh-hk/product/certificates/,5,52,9.62%,9.15
https://zprintpro.com/ja/product/doujinshi-printing/,3,47,6.38%,9.6
https://zprintpro.com/zh-hk/,3,13,23.08%,1.77
https://zprintpro.com/zh-hk/category/calendars/,2,96,2.08%,21.25
https://zprintpro.com/zh-hk/blog/a5-vs-a6-flyer-size/,2,68,2.94%,7.78
https://zprintpro.com/zh-hk/product/waterproof-stickers/,2,51,3.92%,15.67
https://zprintpro.com/zh-hk/blog/doujin-circle-printing-guide/,2,27,7.41%,7.89
https://zprintpro.com/zh-hk/product/foil-greeting-cards/,2,15,13.33%,11.67
https://zprintpro.com/zh-hk/product/magnetic-closure-gift-box/,2,14,14.29%,4.36
https://zprintpro.com/zh-hk/product/premium-greeting-cards/,2,12,16.67%,41.17
https://zprintpro.com/en/about/,2,9,22.22%,4.44
https://zprintpro.com/zh-hk/product/pearl-envelopes/,2,8,25%,5.62
https://zprintpro.com/zh-hk/blog/clear-vs-matte-stickers/,2,4,50%,3.75
https://zprintpro.com/zh-hk/category/packaging/,1,102,0.98%,29.42
https://zprintpro.com/zh-hk/category/stickers/,1,99,1.01%,30.72
https://zprintpro.com/zh-hk/category/flyers/,1,83,1.2%,34.31
https://zprintpro.com/en/product/catalog-printing/,1,79,1.27%,32.11
https://zprintpro.com/zh-hk/services/rush-printing-delivery/,1,70,1.43%,25.19
https://zprintpro.com/zh-hk/product/saddle-stitch-booklets/,1,63,1.59%,29.63
https://zprintpro.com/zh-hk/product/a5-flyers/,1,62,1.61%,38.45
https://zprintpro.com/zh-hk/product/large-envelopes/,1,49,2.04%,8.29
https://zprintpro.com/en/blog/poster-printing-price-guide/,1,42,2.38%,8.98
https://zprintpro.com/en/product/same-day-flyers/,1,25,4%,27.2
https://zprintpro.com/zh-hk/product/doujinshi-printing/,1,20,5%,7.1
https://zprintpro.com/zh-hk/blog/graduation-yearbook-printing-guide/,1,19,5.26%,6.95
https://zprintpro.com/ja/product/magnetic-closure-gift-box/,1,14,7.14%,21.64
https://zprintpro.com/zh-hk/product/pvc-menus/,1,13,7.69%,11.85
https://zprintpro.com/zh-hk/blog/paper-materials/,1,13,7.69%,14.69
https://zprintpro.com/zh-hk/product/art-posters/,1,13,7.69%,31.08
https://zprintpro.com/zh-hk/blog/sticker-materials/,1,11,9.09%,6.82
https://zprintpro.com/zh-hk/product/gift-bags/,1,8,12.5%,31.5
https://zprintpro.com/zh-hk/product/kraft-paper-packaging-box/,1,6,16.67%,6.5
https://zprintpro.com/en/product/a5-flyers/,1,6,16.67%,8.33
https://zprintpro.com/zh-hk/product/eco-flyers/,1,5,20%,3.8
https://zprintpro.com/zh-hk/blog/hotel-keycard-sleeve-printing-guide/,1,5,20%,5.2
https://zprintpro.com/zh-hk/product/adhesive-banners/,1,5,20%,5.2
https://zprintpro.com/zh-hk/product/security-stickers/,1,5,20%,7.4
https://zprintpro.com/zh-hk/product/custom-red-packets/,1,4,25%,5.5
https://zprintpro.com/en/blog/pet-food-sticker-printing-guide/,1,4,25%,27.5
https://zprintpro.com/zh-hk/product/matte-greeting-cards/,1,3,33.33%,4.67
https://zprintpro.com/zh-hk/blog/industrial-nameplate-printing-guide/,1,2,50%,11
https://zprintpro.com/en/product/certificates/,1,1,100%,1
https://zprintpro.com/en/product/eco-red-packets/,1,1,100%,1
https://zprintpro.com/ja/legal/,1,1,100%,1
https://zprintpro.com/zh-hk/blog/financial-institution-gift-bag-printing-guide/,1,1,100%,1
https://zprintpro.com/en/blog/poster-size-guide/,0,326,0%,68.06
https://zprintpro.com/zh-hk/blog/poster-size-guide/,0,118,0%,9.42
https://zprintpro.com/zh-hk/category/paper-bags/,0,82,0%,32.91
https://zprintpro.com/en/product/saddle-stitch-booklets/,0,77,0%,81.03
https://zprintpro.com/en/product/small-batch-stickers/,0,76,0%,26.38
https://zprintpro.com/en/product/a2-posters/,0,76,0%,53.49
https://zprintpro.com/en/product/exercise-books/,0,72,0%,28.21
https://zprintpro.com/zh-hk/product/a4-flyers/,0,64,0%,54.27
https://zprintpro.com/en/blog/flyer-sizes-compared/,0,63,0%,14.05
https://zprintpro.com/zh-hk/product/eco-paper-bags/,0,55,0%,62.13
https://zprintpro.com/zh-hk/product/roll-up-banners/,0,53,0%,63.19
https://zprintpro.com/zh-hk/blog/paper-bag-buying-guide/,0,45,0%,11.69
https://zprintpro.com/ja/product/textbooks/,0,44,0%,49.3
https://zprintpro.com/zh-hk/blog/mtr-advertising-specs/,0,42,0%,10.14
https://zprintpro.com/ja/blog/a5-vs-a6-flyer-size/,0,38,0%,13.34
https://zprintpro.com/en/,0,34,0%,8.15
https://zprintpro.com/en/blog/mtr-advertising-specs/,0,34,0%,11.5
https://zprintpro.com/en/category/japan-doujin/,0,33,0%,12.73
https://zprintpro.com/zh-hk/product/food-boxes/,0,31,0%,41.19
https://zprintpro.com/en/product/removable-stickers/,0,31,0%,43.13
https://zprintpro.com/en/product/foil-stickers/,0,31,0%,46.61
https://zprintpro.com/zh-hk/blog/poster-printing-price-guide/,0,30,0%,19.6
https://zprintpro.com/zh-hk/product/handle-bags/,0,29,0%,16.72
https://zprintpro.com/zh-hk/category/red-packets/,0,29,0%,29.45
https://zprintpro.com/zh-hk/category/books/,0,27,0%,25
https://zprintpro.com/en/blog/paper-bag-printing-guide/,0,26,0%,15.81
https://zprintpro.com/en/blog/,0,25,0%,13.52
https://zprintpro.com/ja/product/double-sided-flyers/,0,25,0%,18.44
https://zprintpro.com/zh-hk/product/same-day-flyers/,0,25,0%,22.36
https://zprintpro.com/en/blog/a5-vs-a6-flyer-size/,0,25,0%,22.44
https://zprintpro.com/zh-hk/product/catalog-printing/,0,25,0%,24.68
https://zprintpro.com/ja/product/a2-posters/,0,24,0%,30.38
https://zprintpro.com/en/blog/calendar-printing-guide/,0,24,0%,50.21
https://zprintpro.com/zh-hk/blog/sticker-guide/,0,24,0%,54
https://zprintpro.com/zh-hk/product/transparent-stickers/,0,23,0%,20.78
https://zprintpro.com/ja/blog/cmyk-guide/,0,22,0%,80.59
https://zprintpro.com/zh-hk/product/foil-stickers/,0,20,0%,9.1
https://zprintpro.com/zh-hk/product/removable-stickers/,0,20,0%,11.3
https://zprintpro.com/ja/product/waterproof-stickers/,0,19,0%,11.89
https://zprintpro.com/ja/product/kraft-paper-packaging-box/,0,19,0%,26.89
https://zprintpro.com/zh-hk/product/kraft-paper-bags/,0,19,0%,50.37
https://zprintpro.com/zh-hk/blog/cmyk-guide/,0,18,0%,19.72
https://zprintpro.com/en/product/perfect-bound-books/,0,18,0%,38.56
https://zprintpro.com/en/product/a1-posters/,0,18,0%,44.33
https://zprintpro.com/zh-hk/blog/poster-buying-guide/,0,18,0%,49.33
https://zprintpro.com/zh-hk/product/exercise-books/,0,17,0%,13.47
https://zprintpro.com/zh-hk/blog/poster-printing-guide/,0,17,0%,13.71
https://zprintpro.com/en/product/kraft-paper-bags/,0,17,0%,18.29
https://zprintpro.com/ja/product/catalog-printing/,0,17,0%,49.18
https://zprintpro.com/zh-hk/category/menus/,0,16,0%,15.81
https://zprintpro.com/zh-hk/blog/design-file-specs/,0,16,0%,21.69
https://zprintpro.com/zh-hk/category/educational/,0,16,0%,23.12
https://zprintpro.com/en/product/fluorescent-stickers/,0,16,0%,33.81
https://zprintpro.com/en/product/waterproof-stickers/,0,16,0%,46.31
https://zprintpro.com/zh-hk/product/outdoor-vinyl-banners/,0,15,0%,49.07
https://zprintpro.com/zh-hk/product/colored-envelopes/,0,14,0%,3.36
https://zprintpro.com/zh-hk/product/a1-posters/,0,13,0%,19
https://zprintpro.com/zh-hk/product/folded-leaflets/,0,12,0%,14.58
https://zprintpro.com/zh-hk/product/rigid-boxes/,0,12,0%,28.67
https://zprintpro.com/en/payment-methods/,0,11,0%,4.09
https://zprintpro.com/zh-hk/blog/greeting-card-buying-guide/,0,11,0%,8.27
https://zprintpro.com/zh-hk/product/school-flyers/,0,10,0%,22.7
https://zprintpro.com/en/product/adhesive-banners/,0,10,0%,48.2
https://zprintpro.com/zh-hk/product/vehicle-wraps/,0,10,0%,49.5
https://zprintpro.com/zh-hk/contact/,0,9,0%,3.33
https://zprintpro.com/zh-hk/blog/calendar-printing-guide/,0,9,0%,7.33
https://zprintpro.com/zh-hk/product/adhesive-posters/,0,9,0%,9.33
https://zprintpro.com/zh-hk/product/mailer-boxes/,0,9,0%,11.67
https://zprintpro.com/en/product/can-badge/,0,9,0%,16.67
https://zprintpro.com/ja/product/kraft-paper-bags/,0,9,0%,17.33
https://zprintpro.com/en/product/double-sided-flyers/,0,9,0%,31.11
https://zprintpro.com/en/product/wall-calendars/,0,9,0%,53
https://zprintpro.com/ja/product/pearl-envelopes/,0,8,0%,4.38
https://zprintpro.com/zh-hk/product/cosmetic-boxes/,0,8,0%,9.25
https://zprintpro.com/zh-hk/blog/same-day-flyers-printing-hong-kong-guide/,0,8,0%,11
https://zprintpro.com/zh-hk/blog/eco-printing/,0,8,0%,15
https://zprintpro.com/ja/product/business-envelopes/,0,8,0%,27.62
https://zprintpro.com/ja/category/japan-doujin/,0,8,0%,55
https://zprintpro.com/ja/category/paper-bags/,0,8,0%,67.88
https://zprintpro.com/en/blog/food-packaging-printing-guide/,0,7,0%,6.57
https://zprintpro.com/ja/blog/,0,7,0%,6.86
https://zprintpro.com/zh-hk/service-areas/,0,7,0%,6.86
https://zprintpro.com/zh-hk/product/outdoor-posters/,0,7,0%,9.29
https://zprintpro.com/zh-hk/blog/food-packaging-printing-guide/,0,7,0%,14.57
https://zprintpro.com/zh-hk/about/,0,7,0%,14.86
https://zprintpro.com/en/product/eco-paper-bags/,0,7,0%,28.71
https://zprintpro.com/en/product/roll-up-banners/,0,7,0%,48.14
https://zprintpro.com/en/product/cosmetic-boxes/,0,7,0%,59.71
https://zprintpro.com/zh-hk/category/envelopes/,0,6,0%,4.5
https://zprintpro.com/zh-hk/blog/real-estate-floor-plan-poster-printing-guide/,0,6,0%,5.33
https://zprintpro.com/zh-hk/blog/book-buying-guide/,0,6,0%,9.17
https://zprintpro.com/zh-hk/product/large-bags/,0,6,0%,9.5
https://zprintpro.com/en/category/books/,0,6,0%,11.33
https://zprintpro.com/en/product/electronics-packaging-box/,0,6,0%,16
https://zprintpro.com/en/blog/pharmaceutical-label-printing-guide/,0,6,0%,24.17
https://zprintpro.com/en/product/thick-paper-flyers/,0,6,0%,26.67
https://zprintpro.com/en/product/business-envelopes/,0,6,0%,36.5
https://zprintpro.com/en/product/adhesive-posters/,0,6,0%,42.33
https://zprintpro.com/ja/product/food-boxes/,0,6,0%,43.5
https://zprintpro.com/zh-hk/product/fluorescent-stickers/,0,5,0%,1.2
https://zprintpro.com/zh-hk/product/die-cut-stickers/,0,5,0%,6.4
https://www.zprintpro.com/en/category/posters/,0,5,0%,6.6
https://zprintpro.com/en/blog/eco-paper-bag-gsm/,0,5,0%,8.4
https://www.zprintpro.com/en/category/flyers/,0,5,0%,9.6
https://zprintpro.com/en/blog/packaging-box-custom-guide/,0,5,0%,10
https://zprintpro.com/zh-hk/blog/hong-kong-printing-guide/,0,5,0%,11.8
https://zprintpro.com/en/category/educational/,0,5,0%,13.2
https://zprintpro.com/en/blog/packaging-color-psychology/,0,5,0%,13.8
https://zprintpro.com/zh-hk/product/business-envelopes/,0,5,0%,19.8
https://zprintpro.com/en/product/security-stickers/,0,5,0%,21
https://zprintpro.com/en/product/magnetic-closure-gift-box/,0,5,0%,26.2
https://zprintpro.com/en/category/paper-bags/,0,5,0%,26.4
https://zprintpro.com/en/product/outdoor-vinyl-banners/,0,5,0%,34.2
https://zprintpro.com/en/blog/sticker-guide/,0,5,0%,49.8
https://zprintpro.com/en/product/hardcover-menus/,0,5,0%,63.2
https://zprintpro.com/ja/,0,4,0%,2
https://zprintpro.com/ja/product/cosmetic-boxes/,0,4,0%,2.25
https://zprintpro.com/en/service-areas/,0,4,0%,2.5
https://zprintpro.com/zh-hk/help-center/,0,4,0%,2.75
https://zprintpro.com/zh-hk/product/small-batch-stickers/,0,4,0%,3.5
https://zprintpro.com/en/faq/,0,4,0%,4.5
https://zprintpro.com/en/blog/wedding-red-packet-printing-guide/,0,4,0%,4.75
https://zprintpro.com/en/blog/clear-vs-matte-stickers/,0,4,0%,5.5
https://zprintpro.com/en/category/flyers/,0,4,0%,5.5
https://zprintpro.com/zh-hk/blog/menu-buying-guide/,0,4,0%,5.75
https://zprintpro.com/en/contact/,0,4,0%,6.5
https://zprintpro.com/zh-hk/blog/,0,4,0%,8
https://zprintpro.com/en/blog/marathon-event-poster-printing-guide/,0,4,0%,8.75
https://zprintpro.com/zh-hk/category/greeting-cards/,0,4,0%,8.75
https://zprintpro.com/en/blog/company-intro/,0,4,0%,14.5
https://zprintpro.com/en/product/display-posters/,0,4,0%,17.25
https://zprintpro.com/ja/product/large-envelopes/,0,4,0%,17.75
https://zprintpro.com/ja/product/fluorescent-stickers/,0,4,0%,19.75
https://zprintpro.com/zh-hk/product/electronics-packaging-box/,0,4,0%,20
https://zprintpro.com/zh-hk/product/textbooks/,0,4,0%,26
https://zprintpro.com/en/blog/brand-materials-checklist/,0,4,0%,30
https://zprintpro.com/zh-hk/blog/packaging-box-custom-guide/,0,4,0%,37
https://zprintpro.com/ja/product/outdoor-posters/,0,4,0%,41.75
https://zprintpro.com/ja/blog/poster-size-guide/,0,4,0%,45.75
https://zprintpro.com/en/product/kraft-paper-packaging-box/,0,4,0%,47.5
https://zprintpro.com/ja/blog/poster-printing-price-guide/,0,4,0%,49.25
https://zprintpro.com/en/product/transparent-stickers/,0,4,0%,50.75
https://zprintpro.com/ja/product/small-batch-stickers/,0,4,0%,52.75
https://zprintpro.com/ja/product/spot-uv-business-cards/,0,3,0%,1
https://zprintpro.com/zh-hk/product/hardcover-menus/,0,3,0%,2.33
https://zprintpro.com/en/category/menus/,0,3,0%,3
https://zprintpro.com/en/product/thick-greeting-cards-400g/,0,3,0%,3
https://zprintpro.com/ja/product/folding-boxes/,0,3,0%,3.33
https://zprintpro.com/zh-hk/blog/packaging-color-psychology/,0,3,0%,3.33
https://zprintpro.com/zh-hk/product/laminated-menus/,0,3,0%,3.33
https://zprintpro.com/zh-hk/blog/religious-ceremony-printing-guide/,0,3,0%,3.67
https://zprintpro.com/zh-hk/blog/gang-run-card-boxes-hk-guide/,0,3,0%,4.67
https://zprintpro.com/zh-hk/product/embossed-red-packets/,0,3,0%,4.67
https://zprintpro.com/ja/blog/flyer-sizes-compared/,0,3,0%,5
https://zprintpro.com/en/blog/restaurant-opening-flyer-printing-guide/,0,3,0%,7.33
https://zprintpro.com/en/product/textbooks/,0,3,0%,7.33
https://zprintpro.com/en/product/doujinshi-printing/,0,3,0%,8.67
https://zprintpro.com/ja/blog/clear-vs-matte-stickers/,0,3,0%,9
https://zprintpro.com/zh-hk/blog/wedding-red-packet-printing-guide/,0,3,0%,9.33
https://zprintpro.com/zh-hk/product/spot-uv-greeting-cards/,0,3,0%,9.67
https://zprintpro.com/ja/about/,0,3,0%,10
https://zprintpro.com/en/product/colored-envelopes/,0,3,0%,10.67
https://zprintpro.com/zh-hk/blog/business-card-design/,0,3,0%,10.67
https://zprintpro.com/en/product/outdoor-posters/,0,3,0%,14.33
https://zprintpro.com/ja/blog/flyer-buying-guide/,0,3,0%,16
https://zprintpro.com/en/blog/product-label-printing-guide/,0,3,0%,16.33
https://zprintpro.com/en/product/a4-flyers/,0,3,0%,17.67
https://zprintpro.com/en/product/fruit-food-label-stickers/,0,3,0%,20.67
https://zprintpro.com/en/blog/cmyk-guide/,0,3,0%,33
https://zprintpro.com/zh-hk/product/postcard-set/,0,3,0%,41
https://zprintpro.com/en/product/laminated-menus/,0,3,0%,48.67
https://zprintpro.com/en/blog/poster-buying-guide/,0,3,0%,70.67
https://zprintpro.com/en/blog/flyer-buying-guide/,0,3,0%,74
https://zprintpro.com/zh-hk/product/white-card-bags/,0,2,0%,1.5
https://zprintpro.com/ja/product/die-cut-stickers/,0,2,0%,2.5
https://zprintpro.com/ja/product/drink-menus/,0,2,0%,2.5
https://zprintpro.com/zh-hk/product/double-sided-flyers/,0,2,0%,2.5
https://zprintpro.com/zh-hk/payment-methods/,0,2,0%,3
https://zprintpro.com/ja/faq/,0,2,0%,4
https://zprintpro.com/en/product/foil-red-packets/,0,2,0%,4.5
https://zprintpro.com/ja/category/red-packets/,0,2,0%,4.5
https://zprintpro.com/zh-hk/blog/real-estate-flyer-printing-guide/,0,2,0%,4.5
https://zprintpro.com/en/blog/hong-kong-printing-guide/,0,2,0%,5
https://zprintpro.com/en/blog/hotel-amenity-sticker-printing-guide/,0,2,0%,5
https://zprintpro.com/ja/payment-methods/,0,2,0%,5
https://zprintpro.com/zh-hk/blog/eco-paper-bag-gsm/,0,2,0%,5.5
https://zprintpro.com/zh-hk/product/wall-calendars/,0,2,0%,6
https://zprintpro.com/ja/product/eco-paper-bags/,0,2,0%,7
https://zprintpro.com/en/product/large-envelopes/,0,2,0%,7.5
https://zprintpro.com/en/blog/paper-materials/,0,2,0%,8
https://zprintpro.com/en/blog/thick-paper-flyer-printing-restaurant-takeout-guide/,0,2,0%,8
https://zprintpro.com/en/cart/,0,2,0%,8
https://zprintpro.com/en/press-kit/,0,2,0%,8
https://zprintpro.com/ja/contact/,0,2,0%,8
https://zprintpro.com/zh-hk/blog/flyer-buying-guide/,0,2,0%,8
https://zprintpro.com/en/blog/religious-ceremony-printing-guide/,0,2,0%,8.5
https://zprintpro.com/en/category/calendars/,0,2,0%,8.5
https://zprintpro.com/ja/blog/sticker-materials/,0,2,0%,9.5
https://zprintpro.com/ja/product/can-badge/,0,2,0%,9.5
https://zprintpro.com/en/product/acrylic-keychain/,0,2,0%,10
https://zprintpro.com/ja/category/banners/,0,2,0%,10
https://zprintpro.com/zh-hk/category/banners/,0,2,0%,11
https://zprintpro.com/en/product/tuck-end-boxes/,0,2,0%,11.5
https://zprintpro.com/en/product/pvc-menus/,0,2,0%,14
https://zprintpro.com/ja/category/menus/,0,2,0%,14
https://zprintpro.com/ja/category/posters/,0,2,0%,14
https://zprintpro.com/zh-hk/product/hardcover-books/,0,2,0%,17.5
https://zprintpro.com/en/blog/restaurant-menu-printing-guide/,0,2,0%,18
https://zprintpro.com/en/product/spiral-notebooks/,0,2,0%,18.5
https://www.zprintpro.com/en/category/paper-bags/,0,2,0%,20
https://zprintpro.com/en/case-studies/,0,2,0%,20
https://zprintpro.com/en/blog/retail-shop-poster-printing-guide/,0,2,0%,21
https://zprintpro.com/en/product/hardcover-books/,0,2,0%,23
https://zprintpro.com/ja/product/outdoor-vinyl-banners/,0,2,0%,23.5
https://zprintpro.com/ja/product/laminated-menus/,0,2,0%,24
https://zprintpro.com/en/blog/same-day-flyers-printing-hong-kong-guide/,0,2,0%,27
https://zprintpro.com/ja/category/packaging/,0,2,0%,39
https://zprintpro.com/en/blog/menu-buying-guide/,0,2,0%,39.5
https://zprintpro.com/ja/blog/packaging-buying-guide/,0,2,0%,51.5
https://zprintpro.com/en/product/die-cut-stickers/,0,2,0%,53.5
https://zprintpro.com/ja/product/eco-tote-bag/,0,2,0%,57
https://zprintpro.com/ja/product/rounded-corner-cards/,0,2,0%,59.5
https://zprintpro.com/ja/product/foil-stickers/,0,2,0%,63
https://zprintpro.com/en/category/stickers/,0,2,0%,69.5
https://zprintpro.com/en/blog/paper-bag-buying-guide/,0,2,0%,89
https://zprintpro.com/,0,1,0%,1
https://zprintpro.com/en/blog/construction-material-sample-book-printing-guide/,0,1,0%,1
https://zprintpro.com/en/category/envelopes/,0,1,0%,1
https://zprintpro.com/en/product/large-red-packets/,0,1,0%,1
https://zprintpro.com/en/product/spot-uv-greeting-cards/,0,1,0%,1
https://zprintpro.com/en/product/white-card-bags/,0,1,0%,1
https://zprintpro.com/ja/product/adhesive-posters/,0,1,0%,1
https://zprintpro.com/ja/product/folded-leaflets/,0,1,0%,1
https://zprintpro.com/ja/product/magnetic-calendars/,0,1,0%,1
https://zprintpro.com/zh-hk/blog/medical-device-packaging-box-guide/,0,1,0%,1
https://zprintpro.com/zh-hk/product/custom-calendars/,0,1,0%,1
https://zprintpro.com/zh-hk/product/display-posters/,0,1,0%,1
https://zprintpro.com/zh-hk/product/drink-menus/,0,1,0%,1
https://zprintpro.com/zh-hk/product/white-card-boxes/,0,1,0%,1
https://zprintpro.com/en/product/eco-tote-bag/,0,1,0%,2
https://zprintpro.com/ja/blog/graduation-yearbook-printing-guide/,0,1,0%,2
https://zprintpro.com/ja/blog/thick-paper-flyer-printing-restaurant-takeout-guide/,0,1,0%,2
https://zprintpro.com/ja/product/embossed-red-packets/,0,1,0%,2
https://zprintpro.com/ja/product/wall-calendars/,0,1,0%,2
https://zprintpro.com/zh-hk/blog/car-dealership-amenity-sticker-printing-guide/,0,1,0%,2
https://zprintpro.com/zh-hk/blog/hotel-amenity-sticker-printing-guide/,0,1,0%,2
https://zprintpro.com/zh-hk/product/gang-run-card-boxes/,0,1,0%,2
https://zprintpro.com/zh-hk/product/thick-paper-flyers/,0,1,0%,2
https://zprintpro.com/en/product/custom-calendars/,0,1,0%,3
https://zprintpro.com/ja/blog/mtr-advertising-specs/,0,1,0%,3
https://zprintpro.com/ja/product/electronics-packaging-box/,0,1,0%,3
https://zprintpro.com/ja/product/large-bags/,0,1,0%,3
https://zprintpro.com/ja/product/same-day-flyers/,0,1,0%,3
https://zprintpro.com/zh-hk/category/japan-doujin/,0,1,0%,3
https://zprintpro.com/en/blog/doujin-circle-printing-guide/,0,1,0%,4
https://zprintpro.com/en/blog/ip-character-sticker-printing-guide/,0,1,0%,4
https://zprintpro.com/ja/blog/hong-kong-printing-guide/,0,1,0%,4
https://zprintpro.com/ja/blog/sticker-buying-guide/,0,1,0%,4
https://zprintpro.com/ja/category/books/,0,1,0%,4
https://zprintpro.com/ja/product/eco-flyers/,0,1,0%,4
https://zprintpro.com/zh-hk/faq/,0,1,0%,4
https://zprintpro.com/zh-hk/product/disposable-menus/,0,1,0%,4
https://zprintpro.com/zh-hk/product/folding-boxes/,0,1,0%,4
https://zprintpro.com/zh-hk/product/tuck-end-boxes/,0,1,0%,4
https://zprintpro.com/en/blog/graduation-yearbook-printing-guide/,0,1,0%,5
https://zprintpro.com/en/blog/real-estate-floor-plan-poster-printing-guide/,0,1,0%,5
https://zprintpro.com/ja/product/foil-red-packets/,0,1,0%,5
https://zprintpro.com/zh-hk/product/acrylic-keychain/,0,1,0%,5
https://zprintpro.com/zh-hk/product/eco-tote-bag/,0,1,0%,5
https://zprintpro.com/en/product/handle-bags/,0,1,0%,6
https://zprintpro.com/ja/category/stickers/,0,1,0%,6
https://zprintpro.com/zh-hk/blog/paper-bag-printing-guide/,0,1,0%,6
https://zprintpro.com/zh-hk/cart/,0,1,0%,6
https://zprintpro.com/zh-hk/product/eco-red-packets/,0,1,0%,6
https://zprintpro.com/en/blog/flyer-printing-guide/,0,1,0%,7
https://zprintpro.com/en/blog/sticker-materials/,0,1,0%,7
https://zprintpro.com/en/help-center/,0,1,0%,7
https://zprintpro.com/en/product/magnetic-calendars/,0,1,0%,7
https://zprintpro.com/ja/blog/doujin-circle-printing-guide/,0,1,0%,7
https://zprintpro.com/ja/product/certificates/,0,1,0%,7
https://zprintpro.com/ja/product/drawer-slide-gift-box/,0,1,0%,7
https://zprintpro.com/zh-hk/blog/restaurant-menu-printing-guide/,0,1,0%,7
https://zprintpro.com/en/blog/hotel-keycard-sleeve-printing-guide/,0,1,0%,8
https://zprintpro.com/en/blog/magnetic-closure-gift-box-ecommerce-brand-guide/,0,1,0%,8
https://zprintpro.com/ja/product/a4-flyers/,0,1,0%,8
https://zprintpro.com/zh-hk/blog/cosmetics-packaging-box-printing-guide/,0,1,0%,8
https://zprintpro.com/zh-hk/blog/wedding-invitation-envelope-printing-guide/,0,1,0%,8
https://zprintpro.com/zh-hk/product/spiral-notebooks/,0,1,0%,8
https://zprintpro.com/en/blog/jewellery-shopping-bag-printing-guide/,0,1,0%,9
https://zprintpro.com/en/category/banners/,0,1,0%,9
https://zprintpro.com/en/category/red-packets/,0,1,0%,9
https://zprintpro.com/ja/blog/hotel-amenity-sticker-printing-guide/,0,1,0%,9
https://zprintpro.com/ja/blog/sticker-guide/,0,1,0%,9
https://zprintpro.com/en/blog/book-buying-guide/,0,1,0%,10
https://zprintpro.com/en/blog/catalog-printing-guide/,0,1,0%,10
https://zprintpro.com/en/quote/,0,1,0%,10
https://zprintpro.com/ja/product/postcard-set/,0,1,0%,10
https://zprintpro.com/ja/product/transparent-stickers/,0,1,0%,10
https://zprintpro.com/zh-hk/blog/flyer-printing-guide/,0,1,0%,10
https://zprintpro.com/zh-hk/blog/retail-shop-poster-printing-guide/,0,1,0%,10
https://zprintpro.com/en/blog/real-estate-brochure-box-printing-guide/,0,1,0%,11
https://zprintpro.com/ja/blog/tea-beverage-gift-box-printing-guide/,0,1,0%,11
https://zprintpro.com/zh-hk/blog/catalog-printing-guide/,0,1,0%,11
https://zprintpro.com/zh-hk/product/large-red-packets/,0,1,0%,15
https://zprintpro.com/ja/category/envelopes/,0,1,0%,17
https://zprintpro.com/zh-hk/product/magnetic-calendars/,0,1,0%,17
https://zprintpro.com/zh-hk/product/desk-calendars/,0,1,0%,18
https://zprintpro.com/zh-hk/blog/sports-merchandise-gift-box-printing-guide/,0,1,0%,19
https://zprintpro.com/ja/blog/company-intro/,0,1,0%,20
https://zprintpro.com/ja/product/white-card-boxes/,0,1,0%,20
https://zprintpro.com/en/blog/ecommerce-shipping-bag-printing-guide/,0,1,0%,26
https://zprintpro.com/en/blog/gang-run-card-boxes-hk-guide/,0,1,0%,29
https://zprintpro.com/en/product/pearl-envelopes/,0,1,0%,29
https://zprintpro.com/en/product/embossed-red-packets/,0,1,0%,35
https://zprintpro.com/en/blog/sticker-buying-guide/,0,1,0%,36
https://zprintpro.com/en/product/folding-boxes/,0,1,0%,44
https://zprintpro.com/en/blog/foil-flyers-industry/,0,1,0%,50
https://zprintpro.com/en/blog/real-estate-flyer-printing-guide/,0,1,0%,53
https://zprintpro.com/en/product/spot-uv-business-cards/,0,1,0%,59
https://zprintpro.com/en/product/desk-calendars/,0,1,0%,64
https://zprintpro.com/en/product/folded-leaflets/,0,1,0%,66
https://zprintpro.com/en/product/corrugated-boxes/,0,1,0%,69
https://zprintpro.com/en/product/mailer-boxes/,0,1,0%,77
https://zprintpro.com/ja/product/matte-greeting-cards/,0,1,0%,78
https://zprintpro.com/en/product/eco-flyers/,0,1,0%,79
https://zprintpro.com/ja/product/desk-calendars/,0,1,0%,90
https://zprintpro.com/ja/product/roll-up-banners/,0,1,0%,113