url,clicks,imps,ctr,position
https://zprintpro.com/zh-hk/,19,44,0.4318,4.1
https://zprintpro.com/zh-hk/blog/doujin-circle-printing-guide/,15,138,0.1087,5.7
https://zprintpro.com/zh-hk/product/a2-posters/,10,466,0.0215,19.9
https://zprintpro.com/zh-hk/product/certificates/,9,107,0.0841,11.0
https://zprintpro.com/zh-hk/blog/mtr-advertising-specs/,8,166,0.0482,8.5
https://zprintpro.com/zh-hk/category/posters/,7,226,0.031,46.6
https://zprintpro.com/ja/product/doujinshi-printing/,4,43,0.093,6.2
https://zprintpro.com/zh-hk/product/foil-stickers/,4,48,0.0833,7.6
https://zprintpro.com/,3,7,0.4286,2.3
https://zprintpro.com/en/product/a2-posters/,3,273,0.011,46.4
https://zprintpro.com/zh-hk/category/calendars/,3,240,0.0125,29.4
https://zprintpro.com/zh-hk/product/a5-flyers/,3,266,0.0113,38.7
https://zprintpro.com/zh-hk/product/doujinshi-printing/,3,46,0.0652,10.5
https://zprintpro.com/zh-hk/product/exercise-books/,3,48,0.0625,8.0
https://zprintpro.com/zh-hk/product/same-day-flyers/,3,133,0.0226,28.7
https://zprintpro.com/en/category/japan-doujin/,2,83,0.0241,16.3
https://zprintpro.com/en/service-areas/,2,9,0.2222,2.6
https://zprintpro.com/zh-hk/blog/a5-vs-a6-flyer-size/,2,40,0.05,7.4
https://zprintpro.com/zh-hk/category/packaging/,2,261,0.0077,38.8
https://zprintpro.com/zh-hk/category/stickers/,2,254,0.0079,35.7
https://zprintpro.com/zh-hk/product/acrylic-keychain/,2,5,0.4,5.4
https://zprintpro.com/zh-hk/product/die-cut-stickers/,2,21,0.0952,4.2
https://zprintpro.com/zh-hk/product/fluorescent-stickers/,2,16,0.125,3.6
https://zprintpro.com/zh-hk/product/foil-greeting-cards/,2,19,0.1053,6.5
https://zprintpro.com/zh-hk/product/pearl-envelopes/,2,14,0.1429,5.4
https://www.zprintpro.com/en/category/packaging/,1,4,0.25,10.8
https://www.zprintpro.com/en/category/paper-bags/,1,11,0.0909,39.8
https://www.zprintpro.com/en/category/posters/,1,7,0.1429,7.4
https://zprintpro.com/en/,1,128,0.0078,11.3
https://zprintpro.com/en/about/,1,16,0.0625,4.6
https://zprintpro.com/en/blog/industrial-nameplate-printing-guide/,1,11,0.0909,7.2
https://zprintpro.com/en/blog/mtr-advertising-specs/,1,129,0.0078,8.7
https://zprintpro.com/en/blog/poster-printing-price-guide/,1,36,0.0278,9.8
https://zprintpro.com/en/blog/sticker-materials/,1,31,0.0323,11.4
https://zprintpro.com/en/category/banners/,1,10,0.1,13.9
https://zprintpro.com/en/category/calendars/,1,4,0.25,8
https://zprintpro.com/en/product/adhesive-banners/,1,48,0.0208,34.3
https://zprintpro.com/en/product/catalog-printing/,1,192,0.0052,43.5
https://zprintpro.com/en/product/eco-red-packets/,1,4,0.25,12
https://zprintpro.com/en/product/fruit-food-label-stickers/,1,16,0.0625,33.8
https://zprintpro.com/en/product/kraft-paper-packaging-box/,1,44,0.0227,100.4
https://zprintpro.com/en/product/pvc-menus/,1,46,0.0217,20.1
https://zprintpro.com/en/product/spot-uv-business-cards/,1,2,0.5,46
https://zprintpro.com/ja/,1,6,0.1667,3.2
https://zprintpro.com/ja/blog/eco-paper-bag-gsm/,1,6,0.1667,8.2
https://zprintpro.com/ja/blog/pharmaceutical-label-printing-guide/,1,6,0.1667,13.3
https://zprintpro.com/ja/product/a2-posters/,1,53,0.0189,33.5
https://zprintpro.com/ja/product/art-posters/,1,2,0.5,3.5
https://zprintpro.com/ja/product/cosmetic-boxes/,1,8,0.125,5.8
https://zprintpro.com/ja/product/magnetic-closure-gift-box/,1,39,0.0256,16.6
https://zprintpro.com/ja/product/spot-uv-business-cards/,1,19,0.0526,4.7
https://zprintpro.com/ja/product/waterproof-stickers/,1,73,0.0137,12.8
https://zprintpro.com/zh-hk/about/,1,12,0.0833,2.9
https://zprintpro.com/zh-hk/blog/clear-vs-matte-stickers/,1,20,0.05,5.0
https://zprintpro.com/zh-hk/blog/eco-paper-bag-gsm/,1,7,0.1429,4.1
https://zprintpro.com/zh-hk/blog/financial-institution-gift-bag-printing-guide/,1,1,1,1
https://zprintpro.com/zh-hk/blog/flyer-printing-guide/,1,14,0.0714,8
https://zprintpro.com/zh-hk/blog/hotel-keycard-sleeve-printing-guide/,1,12,0.0833,5.2
https://zprintpro.com/zh-hk/blog/industrial-nameplate-printing-guide/,1,12,0.0833,8.7
https://zprintpro.com/zh-hk/blog/wedding-invitation-envelope-printing-guide/,1,12,0.0833,5.8
https://zprintpro.com/zh-hk/category/flyers/,1,234,0.0043,55.1
https://zprintpro.com/zh-hk/category/greeting-cards/,1,10,0.1,7.2
https://zprintpro.com/zh-hk/category/paper-bags/,1,243,0.0041,37.9
https://zprintpro.com/zh-hk/product/adhesive-posters/,1,22,0.0455,4.8
https://zprintpro.com/zh-hk/product/catalog-printing/,1,87,0.0115,31.6
https://zprintpro.com/zh-hk/product/colored-envelopes/,1,39,0.0256,7.3
https://zprintpro.com/zh-hk/product/desk-calendars/,1,3,0.3333,7
https://zprintpro.com/zh-hk/product/eco-flyers/,1,3,0.3333,3.7
https://zprintpro.com/zh-hk/product/eco-paper-bags/,1,112,0.0089,52.8
https://zprintpro.com/zh-hk/product/electronics-packaging-box/,1,6,0.1667,4.3
https://zprintpro.com/zh-hk/product/fruit-food-label-stickers/,1,8,0.125,50.9
https://zprintpro.com/zh-hk/product/gift-bags/,1,16,0.0625,17.9
https://zprintpro.com/zh-hk/product/gift-boxes/,1,15,0.0667,31.1
https://zprintpro.com/zh-hk/product/kraft-paper-packaging-box/,1,64,0.0156,50.1
https://zprintpro.com/zh-hk/product/laminated-menus/,1,13,0.0769,16.2
https://zprintpro.com/zh-hk/product/large-envelopes/,1,78,0.0128,6.3
https://zprintpro.com/zh-hk/product/magnetic-calendars/,1,4,0.25,6.2
https://zprintpro.com/zh-hk/product/outdoor-posters/,1,33,0.0303,10.6
https://zprintpro.com/zh-hk/product/rounded-corner-cards/,1,2,0.5,8
https://zprintpro.com/zh-hk/product/saddle-stitch-booklets/,1,221,0.0045,34.2
https://zprintpro.com/zh-hk/product/school-flyers/,1,29,0.0345,15.4
https://zprintpro.com/zh-hk/product/spiral-notebooks/,1,3,0.3333,6
https://zprintpro.com/zh-hk/product/waterproof-stickers/,1,92,0.0109,12.6
https://zprintpro.com/zh-hk/product/white-card-bags/,1,15,0.0667,2.9
https://zprintpro.com/zh-hk/services/rush-printing-delivery/,1,113,0.0088,25.8
https://www.zprintpro.com/,0,4,0,1.5
https://www.zprintpro.com/en/category/flyers/,0,10,0,25
https://zprintpro.com/en/blog/,0,27,0,11.7
https://zprintpro.com/en/blog/a5-vs-a6-flyer-size/,0,27,0,21.5
https://zprintpro.com/en/blog/apparel-shopping-bag-printing-guide/,0,1,0,4
https://zprintpro.com/en/blog/baby-food-packaging-box-printing-guide/,0,1,0,64
https://zprintpro.com/en/blog/baby-product-label-sticker-printing-guide/,0,4,0,23
https://zprintpro.com/en/blog/book-buying-guide/,0,2,0,17
https://zprintpro.com/en/blog/brand-materials-checklist/,0,11,0,34.4
https://zprintpro.com/en/blog/business-card-buying-guide/,0,1,0,31
https://zprintpro.com/en/blog/business-card-design/,0,2,0,10
https://zprintpro.com/en/blog/calendar-printing-guide/,0,25,0,50.6
https://zprintpro.com/en/blog/clear-vs-matte-stickers/,0,14,0,10.1
https://zprintpro.com/en/blog/cmyk-guide/,0,118,0,79.8
https://zprintpro.com/en/blog/company-intro/,0,7,0,35.4
https://zprintpro.com/en/blog/construction-material-sample-book-printing-guide/,0,2,0,3
https://zprintpro.com/en/blog/cosmetics-packaging-box-printing-guide/,0,1,0,4
https://zprintpro.com/en/blog/cross-border-ecommerce-shipping-box-guide/,0,3,0,23
https://zprintpro.com/en/blog/custom-card-boxes-small-batch-usa/,0,1,0,1
https://zprintpro.com/en/blog/design-file-specs/,0,1,0,6
https://zprintpro.com/en/blog/doujin-circle-printing-guide/,0,2,0,8.5
https://zprintpro.com/en/blog/eco-paper-bag-gsm/,0,63,0,13.2
https://zprintpro.com/en/blog/ecommerce-shipping-bag-printing-guide/,0,1,0,30
https://zprintpro.com/en/blog/flyer-buying-guide/,0,3,0,27
https://zprintpro.com/en/blog/flyer-distribution-strategy/,0,1,0,9
https://zprintpro.com/en/blog/flyer-printing-guide/,0,3,0,6
https://zprintpro.com/en/blog/flyer-sizes-compared/,0,279,0,14.3
https://zprintpro.com/en/blog/foil-flyers-industry/,0,1,0,50
https://zprintpro.com/en/blog/food-packaging-printing-guide/,0,13,0,21.3
https://zprintpro.com/en/blog/graduation-yearbook-printing-guide/,0,15,0,7.5
https://zprintpro.com/en/blog/hong-kong-printing-guide/,0,9,0,33.4
https://zprintpro.com/en/blog/hotel-amenity-sticker-printing-guide/,0,10,0,8.3
https://zprintpro.com/en/blog/hotel-keycard-sleeve-printing-guide/,0,6,0,11.5
https://zprintpro.com/en/blog/ip-character-sticker-printing-guide/,0,6,0,6.8
https://zprintpro.com/en/blog/magnetic-closure-gift-box-ecommerce-brand-guide/,0,1,0,4
https://zprintpro.com/en/blog/marathon-event-poster-printing-guide/,0,25,0,8.1
https://zprintpro.com/en/blog/media-merchandise-box-printing-guide/,0,10,0,43.8
https://zprintpro.com/en/blog/medical-device-packaging-box-guide/,0,3,0,36.7
https://zprintpro.com/en/blog/menu-buying-guide/,0,3,0,16.3
https://zprintpro.com/en/blog/packaging-box-custom-guide/,0,19,0,38.4
https://zprintpro.com/en/blog/packaging-color-psychology/,0,12,0,10
https://zprintpro.com/en/blog/paper-bag-buying-guide/,0,1,0,31
https://zprintpro.com/en/blog/paper-bag-printing-guide/,0,66,0,13.8
https://zprintpro.com/en/blog/paper-materials/,0,1,0,9
https://zprintpro.com/en/blog/pet-food-sticker-printing-guide/,0,17,0,22.5
https://zprintpro.com/en/blog/pharmaceutical-label-printing-guide/,0,8,0,26.4
https://zprintpro.com/en/blog/poster-buying-guide/,0,4,0,43.2
https://zprintpro.com/en/blog/poster-printing-guide/,0,2,0,25
https://zprintpro.com/en/blog/poster-size-guide/,0,107,0,57.7
https://zprintpro.com/en/blog/product-label-printing-guide/,0,9,0,37.8
https://zprintpro.com/en/blog/real-estate-brochure-box-printing-guide/,0,2,0,10
https://zprintpro.com/en/blog/real-estate-flyer-printing-guide/,0,1,0,38
https://zprintpro.com/en/blog/religious-ceremony-printing-guide/,0,4,0,15
https://zprintpro.com/en/blog/restaurant-menu-printing-guide/,0,13,0,10.7
https://zprintpro.com/en/blog/restaurant-opening-flyer-printing-guide/,0,8,0,7.5
https://zprintpro.com/en/blog/retail-shop-poster-printing-guide/,0,5,0,26.4
https://zprintpro.com/en/blog/rigid-vs-folding-boxes/,0,2,0,25.5
https://zprintpro.com/en/blog/same-day-flyers-printing-hong-kong-guide/,0,1,0,47
https://zprintpro.com/en/blog/sports-merchandise-gift-box-printing-guide/,0,2,0,32.5
https://zprintpro.com/en/blog/sticker-buying-guide/,0,1,0,36
https://zprintpro.com/en/blog/sticker-guide/,0,11,0,43.1
https://zprintpro.com/en/blog/thick-paper-flyer-printing-restaurant-takeout-guide/,0,8,0,16.4
https://zprintpro.com/en/blog/trade-show-banner-printing-guide/,0,11,0,20.4
https://zprintpro.com/en/blog/wedding-invitation-envelope-printing-guide/,0,2,0,21.5
https://zprintpro.com/en/blog/wedding-red-packet-printing-guide/,0,9,0,8.3
https://zprintpro.com/en/cart/,0,4,0,6
https://zprintpro.com/en/case-studies/,0,4,0,22.2
https://zprintpro.com/en/category/books/,0,13,0,42.6
https://zprintpro.com/en/category/business-cards/,0,9,0,39.3
https://zprintpro.com/en/category/educational/,0,13,0,11.1
https://zprintpro.com/en/category/envelopes/,0,26,0,17.5
https://zprintpro.com/en/category/flyers/,0,14,0,14.1
https://zprintpro.com/en/category/menus/,0,11,0,19.2
https://zprintpro.com/en/category/packaging/,0,5,0,25.8
https://zprintpro.com/en/category/paper-bags/,0,6,0,32.2
https://zprintpro.com/en/category/posters/,0,1,0,9
https://zprintpro.com/en/category/red-packets/,0,14,0,26.1
https://zprintpro.com/en/category/stickers/,0,7,0,8.1
https://zprintpro.com/en/contact/,0,14,0,11.9
https://zprintpro.com/en/faq/,0,11,0,11.2
https://zprintpro.com/en/help-center/,0,8,0,8
https://zprintpro.com/en/payment-methods/,0,14,0,4.3
https://zprintpro.com/en/product/a1-posters/,0,58,0,46.8
https://zprintpro.com/en/product/a4-flyers/,0,16,0,28.9
https://zprintpro.com/en/product/a5-flyers/,0,26,0,22.6
https://zprintpro.com/en/product/acrylic-keychain/,0,6,0,8.2
https://zprintpro.com/en/product/adhesive-posters/,0,53,0,37.0
https://zprintpro.com/en/product/art-posters/,0,1,0,72
https://zprintpro.com/en/product/business-envelopes/,0,26,0,40.4
https://zprintpro.com/en/product/can-badge/,0,40,0,9.8
https://zprintpro.com/en/product/cartoon-red-packets/,0,3,0,26.3
https://zprintpro.com/en/product/certificates/,0,3,0,27.7
https://zprintpro.com/en/product/colored-envelopes/,0,16,0,33
https://zprintpro.com/en/product/corrugated-boxes/,0,9,0,47.2
https://zprintpro.com/en/product/cosmetic-boxes/,0,7,0,73.6
https://zprintpro.com/en/product/custom-calendars/,0,2,0,25
https://zprintpro.com/en/product/custom-red-packets/,0,4,0,5.2
https://zprintpro.com/en/product/desk-calendars/,0,6,0,37.5
https://zprintpro.com/en/product/die-cut-stickers/,0,11,0,34.3
https://zprintpro.com/en/product/display-posters/,0,6,0,34
https://zprintpro.com/en/product/disposable-menus/,0,8,0,31.1
https://zprintpro.com/en/product/double-sided-flyers/,0,43,0,29.1
https://zprintpro.com/en/product/doujinshi-printing/,0,6,0,7
https://zprintpro.com/en/product/drawer-slide-gift-box/,0,1,0,1
https://zprintpro.com/en/product/eco-flyers/,0,5,0,24
https://zprintpro.com/en/product/eco-paper-bags/,0,23,0,46.6
https://zprintpro.com/en/product/eco-tote-bag/,0,4,0,8
https://zprintpro.com/en/product/electronics-packaging-box/,0,16,0,16.4
https://zprintpro.com/en/product/embossed-red-packets/,0,3,0,39.3
https://zprintpro.com/en/product/exercise-books/,0,83,0,30.2
https://zprintpro.com/en/product/fluorescent-stickers/,0,40,0,29.9
https://zprintpro.com/en/product/foil-business-cards/,0,2,0,22.5
https://zprintpro.com/en/product/foil-red-packets/,0,8,0,19.6
https://zprintpro.com/en/product/foil-stickers/,0,46,0,48.1
https://zprintpro.com/en/product/folded-leaflets/,0,1,0,10
https://zprintpro.com/en/product/folding-boxes/,0,6,0,52.7
https://zprintpro.com/en/product/food-boxes/,0,18,0,62.9
https://zprintpro.com/en/product/gift-bags/,0,5,0,31.6
https://zprintpro.com/en/product/handle-bags/,0,3,0,7.3
https://zprintpro.com/en/product/hardcover-books/,0,4,0,26
https://zprintpro.com/en/product/hardcover-menus/,0,9,0,65.9
https://zprintpro.com/en/product/kraft-paper-bags/,0,41,0,16.9
https://zprintpro.com/en/product/laminated-menus/,0,13,0,47.4
https://zprintpro.com/en/product/large-envelopes/,0,4,0,17.2
https://zprintpro.com/en/product/magnetic-calendars/,0,4,0,55.2
https://zprintpro.com/en/product/magnetic-closure-gift-box/,0,31,0,34.2
https://zprintpro.com/en/product/mailer-boxes/,0,5,0,38.4
https://zprintpro.com/en/product/matte-business-cards/,0,14,0,63.4
https://zprintpro.com/en/product/matte-greeting-cards/,0,2,0,5
https://zprintpro.com/en/product/outdoor-posters/,0,8,0,22.1
https://zprintpro.com/en/product/outdoor-vinyl-banners/,0,26,0,35.2
https://zprintpro.com/en/product/pearl-envelopes/,0,13,0,18
https://zprintpro.com/en/product/perfect-bound-books/,0,42,0,27.1
https://zprintpro.com/en/product/postcard-set/,0,1,0,88
https://zprintpro.com/en/product/premium-business-cards/,0,6,0,39.8
https://zprintpro.com/en/product/premium-greeting-cards/,0,1,0,19
https://zprintpro.com/en/product/removable-stickers/,0,49,0,41.3
https://zprintpro.com/en/product/rigid-boxes/,0,3,0,7
https://zprintpro.com/en/product/roll-up-banners/,0,10,0,49.4
https://zprintpro.com/en/product/rounded-corner-cards/,0,12,0,3.1
https://zprintpro.com/en/product/rounded-corner-greeting-cards/,0,3,0,7.3
https://zprintpro.com/en/product/saddle-stitch-booklets/,0,205,0,79.3
https://zprintpro.com/en/product/same-day-flyers/,0,54,0,33.4
https://zprintpro.com/en/product/security-stickers/,0,25,0,29.1
https://zprintpro.com/en/product/small-batch-stickers/,0,227,0,31.4
https://zprintpro.com/en/product/spiral-notebooks/,0,18,0,42.3
https://zprintpro.com/en/product/spot-uv-greeting-cards/,0,1,0,22
https://zprintpro.com/en/product/textbooks/,0,5,0,14.4
https://zprintpro.com/en/product/thick-business-cards-400g/,0,5,0,16
https://zprintpro.com/en/product/thick-greeting-cards-400g/,0,3,0,3
https://zprintpro.com/en/product/thick-paper-flyers/,0,15,0,19.7
https://zprintpro.com/en/product/transparent-stickers/,0,18,0,41.8
https://zprintpro.com/en/product/vehicle-wraps/,0,2,0,14.5
https://zprintpro.com/en/product/wall-calendars/,0,7,0,31.7
https://zprintpro.com/en/product/waterproof-stickers/,0,147,0,46.3
https://zprintpro.com/en/product/white-card-bags/,0,5,0,1.4
https://zprintpro.com/en/services/,0,1,0,5
https://zprintpro.com/en/services/rush-printing-delivery/,0,4,0,13
https://zprintpro.com/ja/about/,0,9,0,7.2
https://zprintpro.com/ja/blog/,0,7,0,7.6
https://zprintpro.com/ja/blog/a5-vs-a6-flyer-size/,0,37,0,13.6
https://zprintpro.com/ja/blog/auto-parts-shopping-bag-printing-guide/,0,1,0,11
https://zprintpro.com/ja/blog/baby-food-packaging-box-printing-guide/,0,2,0,8.5
https://zprintpro.com/ja/blog/banner-buying-guide/,0,1,0,2
https://zprintpro.com/ja/blog/business-card-design/,0,1,0,9
https://zprintpro.com/ja/blog/calendar-printing-guide/,0,1,0,9
https://zprintpro.com/ja/blog/clear-vs-matte-stickers/,0,14,0,8.9
https://zprintpro.com/ja/blog/cmyk-guide/,0,231,0,86.4
https://zprintpro.com/ja/blog/company-intro/,0,3,0,9.3
https://zprintpro.com/ja/blog/cosmetics-packaging-box-printing-guide/,0,11,0,64.8
https://zprintpro.com/ja/blog/cross-border-ecommerce-shipping-box-guide/,0,3,0,10.7
https://zprintpro.com/ja/blog/doujin-circle-printing-guide/,0,2,0,6.5
https://zprintpro.com/ja/blog/flyer-buying-guide/,0,4,0,31
https://zprintpro.com/ja/blog/flyer-sizes-compared/,0,4,0,9.2
https://zprintpro.com/ja/blog/food-packaging-printing-guide/,0,4,0,7.8
https://zprintpro.com/ja/blog/graduation-yearbook-printing-guide/,0,6,0,42
https://zprintpro.com/ja/blog/hotel-amenity-sticker-printing-guide/,0,1,0,9
https://zprintpro.com/ja/blog/hotel-keycard-sleeve-printing-guide/,0,1,0,3
https://zprintpro.com/ja/blog/ip-character-sticker-printing-guide/,0,2,0,7
https://zprintpro.com/ja/blog/mtr-advertising-specs/,0,2,0,4
https://zprintpro.com/ja/blog/packaging-buying-guide/,0,10,0,23.9
https://zprintpro.com/ja/blog/packaging-color-psychology/,0,1,0,9
https://zprintpro.com/ja/blog/paper-materials/,0,9,0,66.7
https://zprintpro.com/ja/blog/pet-food-sticker-printing-guide/,0,1,0,13
https://zprintpro.com/ja/blog/poster-printing-price-guide/,0,4,0,49.2
https://zprintpro.com/ja/blog/poster-size-guide/,0,5,0,47.4
https://zprintpro.com/ja/blog/product-label-printing-guide/,0,2,0,5
https://zprintpro.com/ja/blog/real-estate-flyer-printing-guide/,0,1,0,27
https://zprintpro.com/ja/blog/restaurant-menu-printing-guide/,0,1,0,42
https://zprintpro.com/ja/blog/retail-shop-poster-printing-guide/,0,1,0,11
https://zprintpro.com/ja/blog/rigid-vs-folding-boxes/,0,1,0,17
https://zprintpro.com/ja/blog/sticker-buying-guide/,0,1,0,4
https://zprintpro.com/ja/blog/sticker-guide/,0,1,0,9
https://zprintpro.com/ja/blog/sticker-materials/,0,4,0,5.8
https://zprintpro.com/ja/blog/tea-beverage-gift-box-printing-guide/,0,1,0,11
https://zprintpro.com/ja/blog/thick-paper-flyer-printing-restaurant-takeout-guide/,0,2,0,4.5
https://zprintpro.com/ja/category/banners/,0,2,0,10
https://zprintpro.com/ja/category/books/,0,2,0,17
https://zprintpro.com/ja/category/business-cards/,0,1,0,1
https://zprintpro.com/ja/category/calendars/,0,1,0,11
https://zprintpro.com/ja/category/envelopes/,0,1,0,17
https://zprintpro.com/ja/category/flyers/,0,4,0,7
https://zprintpro.com/ja/category/japan-doujin/,0,8,0,39.1
https://zprintpro.com/ja/category/menus/,0,3,0,14.7
https://zprintpro.com/ja/category/packaging/,0,8,0,18
https://zprintpro.com/ja/category/paper-bags/,0,4,0,15
https://zprintpro.com/ja/category/posters/,0,5,0,10.6
https://zprintpro.com/ja/category/stickers/,0,4,0,7
https://zprintpro.com/ja/contact/,0,2,0,8
https://zprintpro.com/ja/faq/,0,2,0,4
https://zprintpro.com/ja/payment-methods/,0,2,0,8.5
https://zprintpro.com/ja/product/a1-posters/,0,3,0,38
https://zprintpro.com/ja/product/a4-flyers/,0,6,0,9.5
https://zprintpro.com/ja/product/acrylic-keychain/,0,1,0,11
https://zprintpro.com/ja/product/adhesive-banners/,0,1,0,1
https://zprintpro.com/ja/product/adhesive-posters/,0,3,0,16
https://zprintpro.com/ja/product/business-envelopes/,0,3,0,5.7
https://zprintpro.com/ja/product/can-badge/,0,7,0,8.4
https://zprintpro.com/ja/product/catalog-printing/,0,17,0,46.8
https://zprintpro.com/ja/product/certificates/,0,5,0,7.8
https://zprintpro.com/ja/product/corrugated-boxes/,0,1,0,25
https://zprintpro.com/ja/product/custom-calendars/,0,1,0,1
https://zprintpro.com/ja/product/die-cut-stickers/,0,18,0,9.7
https://zprintpro.com/ja/product/display-posters/,0,2,0,61.5
https://zprintpro.com/ja/product/double-sided-flyers/,0,114,0,15.4
https://zprintpro.com/ja/product/drink-menus/,0,2,0,3
https://zprintpro.com/ja/product/eco-flyers/,0,2,0,6.5
https://zprintpro.com/ja/product/eco-paper-bags/,0,4,0,4.8
https://zprintpro.com/ja/product/eco-tote-bag/,0,4,0,40.8
https://zprintpro.com/ja/product/electronics-packaging-box/,0,3,0,28.3
https://zprintpro.com/ja/product/fluorescent-stickers/,0,10,0,17.2
https://zprintpro.com/ja/product/foil-business-cards/,0,1,0,9
https://zprintpro.com/ja/product/foil-red-packets/,0,4,0,21.8
https://zprintpro.com/ja/product/foil-stickers/,0,4,0,24.5
https://zprintpro.com/ja/product/folded-leaflets/,0,4,0,50.2
https://zprintpro.com/ja/product/folding-boxes/,0,3,0,8.7
https://zprintpro.com/ja/product/food-boxes/,0,38,0,49.4
https://zprintpro.com/ja/product/fruit-food-label-stickers/,0,1,0,9
https://zprintpro.com/ja/product/graduation-yearbook/,0,2,0,14
https://zprintpro.com/ja/product/handle-bags/,0,4,0,10.8
https://zprintpro.com/ja/product/hardcover-books/,0,15,0,59
https://zprintpro.com/ja/product/kraft-paper-bags/,0,8,0,5.8
https://zprintpro.com/ja/product/kraft-paper-packaging-box/,0,55,0,32.9
https://zprintpro.com/ja/product/laminated-menus/,0,4,0,11.2
https://zprintpro.com/ja/product/large-bags/,0,1,0,2
https://zprintpro.com/ja/product/large-envelopes/,0,23,0,16.3
https://zprintpro.com/ja/product/large-red-packets/,0,1,0,6
https://zprintpro.com/ja/product/magnetic-calendars/,0,5,0,3
https://zprintpro.com/ja/product/mailer-boxes/,0,1,0,11
https://zprintpro.com/ja/product/matte-business-cards/,0,1,0,10
https://zprintpro.com/ja/product/matte-greeting-cards/,0,1,0,34
https://zprintpro.com/ja/product/mesh-banners/,0,5,0,2.6
https://zprintpro.com/ja/product/outdoor-posters/,0,8,0,48
https://zprintpro.com/ja/product/outdoor-vinyl-banners/,0,4,0,9.5
https://zprintpro.com/ja/product/pearl-envelopes/,0,10,0,3.2
https://zprintpro.com/ja/product/photo-frame-calendars/,0,2,0,1
https://zprintpro.com/ja/product/postcard-set/,0,3,0,9.7
https://zprintpro.com/ja/product/premium-business-cards/,0,4,0,8.5
https://zprintpro.com/ja/product/pvc-menus/,0,5,0,18.2
https://zprintpro.com/ja/product/rigid-boxes/,0,6,0,5.2
https://zprintpro.com/ja/product/roll-up-banners/,0,2,0,12.5
https://zprintpro.com/ja/product/rounded-corner-cards/,0,9,0,46.2
https://zprintpro.com/ja/product/security-stickers/,0,1,0,2
https://zprintpro.com/ja/product/small-batch-stickers/,0,18,0,44.7
https://zprintpro.com/ja/product/spot-uv-greeting-cards/,0,1,0,6
https://zprintpro.com/ja/product/textbooks/,0,89,0,49.5
https://zprintpro.com/ja/product/thick-business-cards-400g/,0,3,0,9.7
https://zprintpro.com/ja/product/white-card-bags/,0,4,0,7.8
https://zprintpro.com/ja/product/white-card-boxes/,0,1,0,20
https://zprintpro.com/payment-methods/,0,1,0,1
https://zprintpro.com/zh-hk/blog/,0,5,0,7
https://zprintpro.com/zh-hk/blog/baby-food-packaging-box-printing-guide/,0,3,0,18
https://zprintpro.com/zh-hk/blog/baby-product-label-sticker-printing-guide/,0,2,0,14
https://zprintpro.com/zh-hk/blog/banner-buying-guide/,0,2,0,7.5
https://zprintpro.com/zh-hk/blog/book-buying-guide/,0,15,0,8.7
https://zprintpro.com/zh-hk/blog/business-card-buying-guide/,0,2,0,18
https://zprintpro.com/zh-hk/blog/business-card-design/,0,10,0,18.7
https://zprintpro.com/zh-hk/blog/calendar-printing-guide/,0,9,0,7.9
https://zprintpro.com/zh-hk/blog/car-dealership-amenity-sticker-printing-guide/,0,4,0,4.2
https://zprintpro.com/zh-hk/blog/cmyk-guide/,0,31,0,35
https://zprintpro.com/zh-hk/blog/company-intro/,0,4,0,6
https://zprintpro.com/zh-hk/blog/cosmetics-packaging-box-printing-guide/,0,2,0,10
https://zprintpro.com/zh-hk/blog/cross-border-ecommerce-shipping-box-guide/,0,2,0,11
https://zprintpro.com/zh-hk/blog/design-file-specs/,0,31,0,15.8
https://zprintpro.com/zh-hk/blog/eco-printing/,0,20,0,28.1
https://zprintpro.com/zh-hk/blog/ecommerce-shipping-bag-printing-guide/,0,5,0,10.2
https://zprintpro.com/zh-hk/blog/flyer-buying-guide/,0,11,0,6.6
https://zprintpro.com/zh-hk/blog/flyer-sizes-compared/,0,10,0,6.5
https://zprintpro.com/zh-hk/blog/food-packaging-printing-guide/,0,95,0,27.3
https://zprintpro.com/zh-hk/blog/gang-run-card-boxes-hk-guide/,0,13,0,4.2
https://zprintpro.com/zh-hk/blog/graduation-yearbook-printing-guide/,0,32,0,6.8
https://zprintpro.com/zh-hk/blog/greeting-card-buying-guide/,0,8,0,8.5
https://zprintpro.com/zh-hk/blog/hong-kong-printing-guide/,0,38,0,24.6
https://zprintpro.com/zh-hk/blog/hotel-amenity-sticker-printing-guide/,0,4,0,7.5
https://zprintpro.com/zh-hk/blog/ip-character-sticker-printing-guide/,0,1,0,7
https://zprintpro.com/zh-hk/blog/marathon-event-poster-printing-guide/,0,8,0,5.4
https://zprintpro.com/zh-hk/blog/medical-device-packaging-box-guide/,0,2,0,13.5
https://zprintpro.com/zh-hk/blog/menu-buying-guide/,0,10,0,16.8
https://zprintpro.com/zh-hk/blog/packaging-box-custom-guide/,0,86,0,68.0
https://zprintpro.com/zh-hk/blog/packaging-buying-guide/,0,2,0,23.5
https://zprintpro.com/zh-hk/blog/packaging-color-psychology/,0,13,0,4.9
https://zprintpro.com/zh-hk/blog/paper-bag-buying-guide/,0,68,0,45.3
https://zprintpro.com/zh-hk/blog/paper-bag-printing-guide/,0,39,0,58.7
https://zprintpro.com/zh-hk/blog/paper-materials/,0,41,0,27.4
https://zprintpro.com/zh-hk/blog/pet-food-sticker-printing-guide/,0,1,0,1
https://zprintpro.com/zh-hk/blog/pharmaceutical-label-printing-guide/,0,4,0,10.8
https://zprintpro.com/zh-hk/blog/poster-buying-guide/,0,50,0,41.4
https://zprintpro.com/zh-hk/blog/poster-printing-guide/,0,155,0,12.9
https://zprintpro.com/zh-hk/blog/poster-printing-price-guide/,0,15,0,7.7
https://zprintpro.com/zh-hk/blog/poster-size-guide/,0,69,0,11.0
https://zprintpro.com/zh-hk/blog/product-label-printing-guide/,0,4,0,5.5
https://zprintpro.com/zh-hk/blog/real-estate-brochure-box-printing-guide/,0,5,0,6.6
https://zprintpro.com/zh-hk/blog/real-estate-floor-plan-poster-printing-guide/,0,9,0,4.9
https://zprintpro.com/zh-hk/blog/real-estate-flyer-printing-guide/,0,5,0,6.4
https://zprintpro.com/zh-hk/blog/religious-ceremony-printing-guide/,0,7,0,6.7
https://zprintpro.com/zh-hk/blog/restaurant-menu-printing-guide/,0,5,0,6.6
https://zprintpro.com/zh-hk/blog/restaurant-opening-flyer-printing-guide/,0,6,0,8
https://zprintpro.com/zh-hk/blog/retail-shop-poster-printing-guide/,0,66,0,47.9
https://zprintpro.com/zh-hk/blog/same-day-flyers-printing-hong-kong-guide/,0,11,0,12.1
https://zprintpro.com/zh-hk/blog/sports-merchandise-gift-box-printing-guide/,0,1,0,19
https://zprintpro.com/zh-hk/blog/sticker-buying-guide/,0,22,0,61.6
https://zprintpro.com/zh-hk/blog/sticker-guide/,0,82,0,64.9
https://zprintpro.com/zh-hk/blog/sticker-materials/,0,4,0,8.8
https://zprintpro.com/zh-hk/blog/sticker-packaging-design/,0,1,0,9
https://zprintpro.com/zh-hk/blog/tea-beverage-gift-box-printing-guide/,0,1,0,48
https://zprintpro.com/zh-hk/blog/thick-paper-flyer-printing-restaurant-takeout-guide/,0,13,0,8
https://zprintpro.com/zh-hk/blog/trade-show-banner-printing-guide/,0,2,0,45
https://zprintpro.com/zh-hk/blog/wedding-favor-bag-printing-guide/,0,2,0,2.5
https://zprintpro.com/zh-hk/blog/wedding-red-packet-printing-guide/,0,3,0,14.7
https://zprintpro.com/zh-hk/cart/,0,2,0,5
https://zprintpro.com/zh-hk/case-studies/,0,1,0,57
https://zprintpro.com/zh-hk/category/banners/,0,9,0,10.7
https://zprintpro.com/zh-hk/category/books/,0,112,0,34.6
https://zprintpro.com/zh-hk/category/business-cards/,0,6,0,12.3
https://zprintpro.com/zh-hk/category/educational/,0,34,0,18.1
https://zprintpro.com/zh-hk/category/envelopes/,0,13,0,5.5
https://zprintpro.com/zh-hk/category/japan-doujin/,0,7,0,23.9
https://zprintpro.com/zh-hk/category/menus/,0,60,0,22.9
https://zprintpro.com/zh-hk/category/red-packets/,0,18,0,35.2
https://zprintpro.com/zh-hk/contact/,0,15,0,3.7
https://zprintpro.com/zh-hk/faq/,0,1,0,7
https://zprintpro.com/zh-hk/help-center/,0,10,0,4.5
https://zprintpro.com/zh-hk/payment-methods/,0,2,0,3
https://zprintpro.com/zh-hk/press-kit/,0,5,0,55
https://zprintpro.com/zh-hk/product/a1-posters/,0,40,0,8.5
https://zprintpro.com/zh-hk/product/a4-flyers/,0,225,0,59.0
https://zprintpro.com/zh-hk/product/adhesive-banners/,0,1,0,1
https://zprintpro.com/zh-hk/product/art-posters/,0,11,0,11.9
https://zprintpro.com/zh-hk/product/business-envelopes/,0,47,0,16
https://zprintpro.com/zh-hk/product/can-badge/,0,4,0,3.8
https://zprintpro.com/zh-hk/product/cartoon-red-packets/,0,1,0,1
https://zprintpro.com/zh-hk/product/corrugated-boxes/,0,2,0,8.5
https://zprintpro.com/zh-hk/product/cosmetic-boxes/,0,9,0,12.8
https://zprintpro.com/zh-hk/product/custom-calendars/,0,4,0,35.5
https://zprintpro.com/zh-hk/product/custom-red-packets/,0,3,0,6.7
https://zprintpro.com/zh-hk/product/display-posters/,0,3,0,10.3
https://zprintpro.com/zh-hk/product/disposable-menus/,0,30,0,31.6
https://zprintpro.com/zh-hk/product/double-sided-flyers/,0,3,0,3.3
https://zprintpro.com/zh-hk/product/drawer-slide-gift-box/,0,13,0,4.2
https://zprintpro.com/zh-hk/product/drink-menus/,0,5,0,3.2
https://zprintpro.com/zh-hk/product/eco-red-packets/,0,3,0,7.3
https://zprintpro.com/zh-hk/product/embossed-red-packets/,0,8,0,5.1
https://zprintpro.com/zh-hk/product/foil-business-cards/,0,6,0,6.3
https://zprintpro.com/zh-hk/product/foil-red-packets/,0,3,0,8
https://zprintpro.com/zh-hk/product/folded-leaflets/,0,45,0,20.4
https://zprintpro.com/zh-hk/product/food-boxes/,0,93,0,57.6
https://zprintpro.com/zh-hk/product/gang-run-card-boxes/,0,2,0,4
https://zprintpro.com/zh-hk/product/graduation-yearbook/,0,11,0,10.7
https://zprintpro.com/zh-hk/product/handle-bags/,0,61,0,19.8
https://zprintpro.com/zh-hk/product/hardcover-books/,0,69,0,36.9
https://zprintpro.com/zh-hk/product/hardcover-menus/,0,6,0,26.5
https://zprintpro.com/zh-hk/product/kraft-paper-bags/,0,27,0,51.9
https://zprintpro.com/zh-hk/product/large-bags/,0,24,0,9.7
https://zprintpro.com/zh-hk/product/large-red-packets/,0,3,0,10.3
https://zprintpro.com/zh-hk/product/magnetic-closure-gift-box/,0,14,0,4.1
https://zprintpro.com/zh-hk/product/mailer-boxes/,0,79,0,42.1
https://zprintpro.com/zh-hk/product/matte-business-cards/,0,4,0,16.5
https://zprintpro.com/zh-hk/product/matte-greeting-cards/,0,3,0,6.3
https://zprintpro.com/zh-hk/product/mesh-banners/,0,2,0,20
https://zprintpro.com/zh-hk/product/outdoor-vinyl-banners/,0,73,0,57.8
https://zprintpro.com/zh-hk/product/perfect-bound-books/,0,24,0,37.1
https://zprintpro.com/zh-hk/product/photo-frame-calendars/,0,2,0,2
https://zprintpro.com/zh-hk/product/postcard-set/,0,4,0,8.8
https://zprintpro.com/zh-hk/product/premium-business-cards/,0,149,0,36.7
https://zprintpro.com/zh-hk/product/premium-greeting-cards/,0,14,0,52.7
https://zprintpro.com/zh-hk/product/pvc-menus/,0,51,0,13.3
https://zprintpro.com/zh-hk/product/removable-stickers/,0,63,0,13.7
https://zprintpro.com/zh-hk/product/rigid-boxes/,0,4,0,4
https://zprintpro.com/zh-hk/product/roll-up-banners/,0,83,0,60.9
https://zprintpro.com/zh-hk/product/rounded-corner-greeting-cards/,0,2,0,7
https://zprintpro.com/zh-hk/product/security-stickers/,0,17,0,6.6
https://zprintpro.com/zh-hk/product/small-batch-stickers/,0,9,0,13.8
https://zprintpro.com/zh-hk/product/spot-uv-business-cards/,0,6,0,14.2
https://zprintpro.com/zh-hk/product/spot-uv-greeting-cards/,0,1,0,1
https://zprintpro.com/zh-hk/product/textbooks/,0,15,0,10.3
https://zprintpro.com/zh-hk/product/thick-business-cards-400g/,0,4,0,7.8
https://zprintpro.com/zh-hk/product/thick-greeting-cards-400g/,0,1,0,2
https://zprintpro.com/zh-hk/product/transparent-stickers/,0,85,0,32.3
https://zprintpro.com/zh-hk/product/tuck-end-boxes/,0,1,0,4
https://zprintpro.com/zh-hk/product/vehicle-wraps/,0,48,0,51.1
https://zprintpro.com/zh-hk/product/wall-calendars/,0,1,0,8
https://zprintpro.com/zh-hk/product/white-card-boxes/,0,1,0,1
https://zprintpro.com/zh-hk/quote/?product=gift-bags,0,13,0,10.3
https://zprintpro.com/zh-hk/service-areas/,0,26,0,5.4
