query,clicks,imps,ctr,position
z print,2,3,0.6667,2
印海報價錢,1,1,1,22
智印港,1,1,1,1
"""catalog printing service"",""us, en"",""140"",""31.91"",""medium""",0,1,0,91
1 2 print,0,2,0,73
1000張,0,1,0,4
2x2 poster,0,2,0,72.5
a1 plakat størrelse,0,1,0,56
a1 poster dimension,0,1,0,69
a1 poster dimensions,0,3,0,85
a1 poster in mm,0,1,0,49
a1 poster print,0,1,0,55
a1 poster print cost,0,2,0,52
a1 poster printing prices,0,1,0,62
a1 poster size,0,12,0,79.2
a1 poster size dimensions,0,1,0,54
a1 poster size in cm,0,1,0,67
a1 poster sizes,0,2,0,75
a1 posters,0,1,0,49
a1 posters size,0,1,0,65
a1 printing,0,3,0,44.3
a1 size,0,1,0,92
a1 size poster dimensions,0,1,0,99
a1 size poster size,0,1,0,62
a1 海報,0,1,0,1
a2 paper size poster,0,1,0,47
a2 poster dimensions,0,2,0,65.5
a2 poster measurements,0,2,0,63
a2 poster printing,0,2,0,82.5
a2 poster size,0,2,0,54
a2 poster sizes,0,1,0,84
a2 posters,0,1,0,52
a2 print size,0,2,0,70.5
a2 クリアポスター 印刷,0,2,0,45
a2 サイズ ポスター 印刷,0,1,0,58
a2 ポスター プリント,0,1,0,53
a2 ポスター 印刷,0,1,0,59
a2 ポスター 印刷 激安,0,1,0,60
a2 ポスター 激安,0,1,0,58
a2 印刷,0,1,0,1
a2 印刷 即日,0,1,0,1
a2海報,0,3,0,2.3
a2海報印刷,0,1,0,6
a3 poster dimensions,0,2,0,74
a3 poster size,0,2,0,77
a3 posters size,0,1,0,90
a3 ポスター サイズ,0,2,0,42
a3海報印刷,0,4,0,33.2
a5 a6 サイズ 比較,0,2,0,11
a5 flyer dimensions,0,2,0,69.5
a5 flyer size,0,5,0,35.6
a5 or a6,0,2,0,50.5
a5 poster printing,0,2,0,48.5
a5 vs a6 flyer,0,1,0,9
a5 vs a6 paper size,0,1,0,79
a5 印刷,0,2,0,9
a5a6 サイズ,0,1,0,75
a5a6尺寸,0,1,0,8
a5とa6どっちが大きい,0,7,0,12
a5大還是a6大,0,1,0,6
a6 a5 size,0,1,0,36
a6 a5 どっちが大きい,0,1,0,10
a6 a5 サイズ比較,0,1,0,9
a6 flyers,0,1,0,4
adhesive banner,0,1,0,76
adhesive banner printing,0,4,0,50.5
adhesive poster meaning,0,1,0,49
adhesive poster printing,0,4,0,46.8
adhesive poster vs poster,0,2,0,37
adhesive posters,0,3,0,38.7
alipay flash collect,0,1,0,1
average calendar size,0,3,0,65
batch stickers,0,1,0,2
book printing hong kong,0,2,0,31.5
bound exercise book,0,1,0,30
bulk catalog printing,0,4,0,63.2
business envelope,0,1,0,53
calendar dimensions,0,2,0,54.5
calendar sizes,0,3,0,40.3
calendar standard size,0,2,0,55.5
catalog printing,0,6,0,35.5
catalog printing china,0,7,0,26.7
catalog printing in china,0,1,0,33
catalogs printing,0,1,0,45
catalogs printing china,0,1,0,26
catalogue printing china,0,6,0,29.5
china catalog printing,0,13,0,25.8
cmyk,0,3,0,40.3
cmyk 印刷,0,1,0,46
custom catalog printing,0,2,0,51
custom exercise book,0,1,0,14
custom exercise books,0,1,0,22
custom fluorescent stickers,0,2,0,53.5
custom foil decals,0,2,0,46
custom foil stickers,0,1,0,54
custom printed exercise books,0,2,0,40
custom printed foil stickers,0,1,0,58
custom water proof stickers,0,1,0,45
die cut sticker,0,1,0,65
double sided flyer printing,0,4,0,46.2
eco paper bags,0,2,0,30.5
educational workbook printing,0,1,0,68
exercise book company,0,1,0,42
exercise book printing,0,3,0,19.3
exercise book printing business,0,4,0,17.5
exercise book suppliers,0,1,0,40
fluorescent sticker,0,1,0,55
flyer papier,0,1,0,2
flyer printing next day delivery,0,1,0,36
flyer printing same day pickup,0,2,0,29
foil print flyers,0,1,0,50
foil printed stickers,0,2,0,62
foil sticker printing,0,2,0,61.5
food labels sticker,0,1,0,57
how big is a standard wall calendar,0,3,0,57.3
how much does it cost to print a catalog,0,2,0,37
how to print waterproof stickers,0,4,0,77
laminated menu,0,1,0,69
magnetic calendar printing,0,1,0,47
magnetic closure gift box,0,1,0,46
measurements for a1 poster,0,1,0,69
measurements of a2 poster,0,1,0,84
mtr 12 sheet size,0,3,0,7.7
mtr advertising rate card,0,1,0,23
online catalog printing,0,1,0,38
outdoor vinyl printing,0,1,0,46
paper bag print file requirements,0,1,0,18
pet food label printing service,0,1,0,35
poster paper size,0,1,0,89
poster print a2,0,4,0,71.2
poster print same day,0,2,0,55.5
poster 印刷,0,8,0,26.9
poster 尺寸,0,1,0,1
print poster,0,1,0,58
print poster board,0,1,0,48
print saddle stitch,0,1,0,96
print textbooks,0,1,0,3
printing 24 hr,0,2,0,58
product catalog printing,0,1,0,67
pvc menu,0,3,0,10.7
pvc menu printing,0,1,0,82
pvc シール,0,3,0,20
pvcシールとは,0,1,0,28
pôster a2,0,4,0,41.5
removable decal,0,1,0,36
removable sticker,0,1,0,50
removable stickers,0,6,0,46.7
repositionable stickers,0,3,0,51
rgb 印刷,0,5,0,79
rgb印刷機,0,1,0,3
rollup banner,0,1,0,53
rollupbanner,0,1,0,88
saddle stitch booklet,0,16,0,77.9
saddle stitch booklet printing vancouver,0,4,0,79
saddle stitch booklets,0,13,0,89.8
saddle stitch books,0,2,0,84
saddle stitched booklet,0,1,0,99
saddle stitched booklets,0,1,0,92
saddle-stitch booklets,0,1,0,88
saiz poster a1,0,1,0,61
samedayflyers,0,1,0,16
school exercise book print,0,10,0,29.7
school exercise book printing,0,11,0,25.1
security sticker manufacturer,0,1,0,47
security sticker printing,0,6,0,30.3
size poster a1,0,1,0,57
small batch custom stickers,0,2,0,12
small batch label printing,0,7,0,61.6
small batch sticker printing,0,4,0,10.8
small batch stickers,0,2,0,8.5
small quantity label printing,0,10,0,80.2
standard size of calendar,0,1,0,32
sticker foil,0,1,0,56
sticker guide,0,1,0,60
stickers fluorescent,0,1,0,44
stickers small format printing,0,2,0,62.5
stitch booklet,0,1,0,85
trade wire o bound calendars,0,1,0,65
typical calendar size,0,1,0,63
urgent printing,0,1,0,54
waterproof sticker,0,2,0,53
weekend flyer delivery,0,2,0,49.5
what are the dimensions of an a1 poster,0,1,0,94
what is a standard calendar size,0,1,0,57
what size is a standard calendar,0,1,0,61
wholesale catalog printing,0,5,0,75.6
wholesale catalog saddle stitching binding printing,0,1,0,89
wholesale saddle stitch booklet printing,0,2,0,86.5
z折り パンフレット,0,2,0,64
งานแสดงสินค้า,0,1,0,3
オリジナルパッケージ,0,1,0,40
クラフト紙 パッケージ 印刷,0,4,0,36.2
クラフト紙 パッケージ印刷,0,4,0,37.2
グッズ 同人 印刷,0,1,0,64
グッズ印刷 同人,0,1,0,66
シール pvcとは,0,1,0,27
ステッカー印刷 小ロット,0,4,0,52.2
ダイカット ステッカー 防水,0,3,0,9
ポスター プリント a2,0,1,0,58
ポスター 寸法,0,1,0,54
ポスター 屋外,0,1,0,57
ポスター 標準サイズ,0,1,0,49
ポスターサイズ,0,1,0,50
マグネットレス 貼り箱,0,2,0,51
ロール アップ バナー,0,1,0,5
両面カラー印刷,0,18,0,22.5
信封顏色,0,1,0,1
傳單 印刷,0,2,0,38.5
公司信封,0,2,0,1
包裝盒印刷,0,9,0,40.1
包裝盒訂製,0,8,0,28
包裝食品 裡印,0,5,0,14.8
卡片,0,5,0,77.2
卡紙印刷,0,2,0,39.5
印poster,0,1,0,9
印刷 カラー cmyk,0,6,0,92.2
印刷 カラー モード,0,8,0,77
印刷海報,0,1,0,8
印刷紙袋,0,8,0,28.5
印咭片,0,1,0,35
印書,0,10,0,34.6
印月曆,0,2,0,30
印海報,0,17,0,34.8
印海報一張,0,8,0,46.8
印證書,0,1,0,20
印貼紙,0,3,0,28
印貼紙香港,0,1,0,28
即日印刷,0,1,0,10
即日急件,0,7,0,31.6
可移貼紙,0,3,0,16.3
同人 印刷,0,2,0,7
同人グッズ 印刷,0,2,0,63
同人印刷,0,1,0,11
同人本,0,1,0,3
同人本 印刷,0,1,0,16
同人紙,0,3,0,8
同人誌 印刷,0,1,0,5
同人誌印刷,0,1,0,5
名刺 角丸,0,4,0,59
咭片,0,1,0,42
商品 パッケージ印刷,0,1,0,59
單張印刷,0,1,0,21
地鐵燈箱廣告尺寸,0,5,0,8
大信封,0,10,0,3.5
大紙袋,0,1,0,11
學校印刷,0,3,0,45.3
客貨車裱貼,0,1,0,67
宣傳單張,0,19,0,35.6
宣傳單張印刷,0,20,0,31
封筒 大きい サイズ,0,1,0,50
屋外 ポスター,0,1,0,55
座枱易拉架,0,2,0,70.5
彩色信封,0,1,0,1
影印 速遞,0,1,0,34
戶外橫額,0,11,0,57.5
戶外海報,0,1,0,19
戶外貼紙,0,9,0,21.7
摺頁印刷,0,2,0,43
教材 テキスト印刷,0,4,0,48.2
教材 印刷 製本,0,5,0,52.4
教材 印刷製本,0,8,0,51
教材 製本,0,2,0,63.5
教科書 印刷,0,1,0,48
易拉寶,0,1,0,5
易拉架,0,3,0,78.3
易拉架印刷,0,3,0,70
易拉架製作,0,2,0,68.5
易拉架訂製,0,1,0,59
月曆印刷,0,22,0,18.5
月曆訂製,0,3,0,32.3
月歷印刷,0,8,0,30.5
校 簿 印刷,0,1,0,20
校刊印刷,0,1,0,14
標籤廠商,0,8,0,49
殺菌貼紙,0,1,0,37
海報,0,1,0,72
海報a2,0,2,0,1
海報size,0,4,0,48.8
海報列印,0,4,0,51.2
海報印刷,0,14,0,29.5
海報印刷一張,0,1,0,2
海報印刷價格,0,1,0,13
海報大小,0,5,0,53.2
海報材質,0,1,0,1
海報與印刷,0,5,0,16.6
燈箱yupo紙,0,1,0,14
牛皮紙盒,0,4,0,2
牛皮紙盒印刷,0,3,0,43.7
現貨紙袋香港,0,1,0,21
環保印刷,0,1,0,15
環保材質貼紙,0,1,0,15
畫冊印刷,0,5,0,15
白卡紙盒,0,1,0,1
禮盒訂做,0,3,0,37.3
禮盒訂製,0,2,0,41
紙張,0,1,0,53
紙的種類介紹,0,1,0,1
紙盒印刷,0,3,0,43.3
紙盒訂製,0,9,0,46.1
紙袋 尺寸,0,1,0,10
紙袋印刷,0,8,0,21
紙袋材質,0,1,0,9
紙袋訂製,0,8,0,37.1
紙質 種類,0,1,0,95
網孔貼,0,1,0,31
膠卡餐牌,0,5,0,32
膠片餐牌,0,3,0,27.7
膠裝 騎馬釘,0,1,0,4
蛍光 ステッカー,0,1,0,26
蛍光ステッカー,0,1,0,27
訂做紙袋,0,9,0,24.8
訂制月曆,0,1,0,30
訂製月曆,0,1,0,30
証書 紙,0,1,0,44
證書印刷,0,1,0,10
貼紙,0,10,0,55.4
貼紙印刷,0,21,0,42.7
貼紙材質pvc,0,1,0,9
貼紙製作,0,1,0,71
貼紙訂製,0,9,0,23.4
貼紙設計,0,1,0,22
車身廣告,0,5,0,45
車身廣告貼紙,0,2,0,33
車身裱貼,0,1,0,49
車身貼紙價錢,0,2,0,40
透明貼,0,9,0,31.9
透明貼紙,0,2,0,26
防水 ポスター,0,1,0,41
防水pvc貼紙,0,1,0,1
防水貼紙,0,2,0,41.5
食品 パッケージ,0,4,0,62
食品包裝印刷,0,1,0,43
食品包裝訂製,0,1,0,22
餐牌印刷,0,9,0,14.4
香港印刷,0,1,0,46
香港印刷公司,0,1,0,11
騎馬釘,0,9,0,38.3
騎馬釘印刷,0,8,0,34.4
騎馬釘書刊,0,9,0,51.4
