热门查询,点击次数,展示,点击率(%),排名
智印港,4,39,10.26,3.41
證書印刷,3,8,37.50,15.00
z print,2,3,66.67,2.00
即日印刷,2,56,3.57,20.45
a2 印刷 即日,1,3,33.33,6.00
同人印刷,1,5,20.00,8.40
同人誌印刷,1,2,50.00,3.00
宣傳單,1,1,100.00,2.00
畫冊印刷,1,22,4.55,14.05
香港那裏有,1,1,100.00,1.00
"""国际印刷服务"" 公司",0,2,0.00,6.50
"""易拉宝"" 香港 名称",0,1,0.00,11.00
100,0,1,0.00,1.00
1000張,0,1,0.00,4.00
12月,0,1,0.00,3.00
a1 printing,0,4,0.00,46.25
a1 印刷 即日,0,2,0.00,8.00
a1 海報,0,3,0.00,1.00
a1 紙張,0,1,0.00,60.00
a1print,0,1,0.00,2.00
a1海報,0,5,0.00,1.00
a2,0,1,0.00,4.00
a2 印刷,0,1,0.00,17.00
a2 海報 印刷,0,8,0.00,5.88
a2 海報 尺寸,0,1,0.00,1.00
a2 透明 海报,0,5,0.00,29.40
a2呢,0,1,0.00,4.00
a2海報,0,7,0.00,1.57
a2海報印刷,0,1,0.00,6.00
a2海報尺寸,0,1,0.00,1.00
a3海報印刷,0,9,0.00,30.56
a5 flyers,0,1,0.00,6.00
a5 印刷,0,1,0.00,10.00
a5海報,0,1,0.00,1.00
banner 即日,0,1,0.00,11.00
c5 信封,0,1,0.00,40.00
cmyk,0,5,0.00,55.20
cmyk rgb,0,2,0.00,45.00
cmyk rgb 差異,0,1,0.00,86.00
cmyk 印刷,0,1,0.00,36.00
cmyk 意思,0,1,0.00,36.00
cmyk印刷,0,2,0.00,60.50
custom boxes,0,1,0.00,98.00
custom shipping boxes,0,1,0.00,94.00
custom shipping packages,0,2,0.00,95.00
dhl 快遞,0,1,0.00,1.00
fedex 物流,0,1,0.00,30.00
menu 印刷,0,1,0.00,16.00
mtr 廣告 價錢,0,1,0.00,30.00
packaging printing,0,2,0.00,88.50
poster print a2,0,3,0.00,82.67
poster print same day,0,4,0.00,56.50
poster print sizes,0,1,0.00,72.00
poster 印刷,0,110,0.00,35.49
poster 尺寸,0,2,0.00,1.00
print poster,0,1,0.00,55.00
pvc menu,0,3,0.00,18.67
pvc 海報,0,1,0.00,2.00
pvc 貼紙,0,1,0.00,17.00
pvc 防水 貼紙,0,2,0.00,7.00
pvc海報,0,1,0.00,1.00
pvc防水貼紙,0,3,0.00,5.33
rgb cmyk,0,3,0.00,59.67
rgb印刷,0,1,0.00,55.00
rgb印刷機,0,1,0.00,3.00
urgent printing,0,1,0.00,54.00
コミケ 印刷,0,2,0.00,77.50
ダイカット ステッカー 中文,0,2,0.00,2.00
作品集印製,0,3,0.00,22.33
信封,0,9,0.00,51.22
信封 印刷,0,4,0.00,56.00
信封 封面,0,1,0.00,41.00
信封印刷,0,3,0.00,15.67
信封顏色,0,2,0.00,1.00
傳單 印刷,0,2,0.00,38.50
傳單 尺寸,0,1,0.00,8.00
傳單印刷,0,3,0.00,51.67
傳單大小,0,1,0.00,11.00
公司信封,0,4,0.00,1.00
冊子印刷,0,2,0.00,77.50
列印信封,0,1,0.00,11.00
包裝 印刷,0,5,0.00,38.40
包裝 盒 印刷,0,4,0.00,74.75
包裝印刷,0,1,0.00,35.00
包裝盒印刷,0,85,0.00,59.21
包裝盒訂製,0,135,0.00,51.13
包裝食品 裡印,0,65,0.00,41.08
化妝品盒,0,1,0.00,23.00
卡片,0,3,0.00,77.67
卡片 紙質,0,1,0.00,66.00
卡片印刷,0,10,0.00,37.70
卡紙印刷,0,1,0.00,36.00
印 卡片,0,1,0.00,36.00
印 書,0,3,0.00,48.33
印 貼紙 少量 香港,0,1,0.00,43.00
印a1海報,0,2,0.00,1.00
印poster,0,1,0.00,9.00
印傳單,0,5,0.00,30.20
印刷 企業,0,1,0.00,27.00
印刷 即日,0,1,0.00,10.00
印刷 推薦,0,4,0.00,44.50
印刷cmyk,0,1,0.00,73.00
印刷信封,0,2,0.00,26.00
印刷海報,0,1,0.00,8.00
印刷紙,0,3,0.00,8.33
印刷紙材,0,1,0.00,21.00
印刷紙袋,0,97,0.00,52.27
印卡片,0,11,0.00,36.64
印咭片,0,35,0.00,34.11
印書,0,111,0.00,43.44
印月曆,0,1,0.00,39.00
印海報,0,172,0.00,41.69
印海報一張,0,21,0.00,46.05
印紙 盒,0,4,0.00,57.75
印紙袋,0,1,0.00,25.00
印證書,0,2,0.00,19.00
印貼紙,0,5,0.00,42.60
印貼紙香港,0,2,0.00,37.50
即印香港有限公司,0,1,0.00,20.00
即日 印刷,0,3,0.00,27.00
即日急件,0,17,0.00,21.94
可移貼,0,6,0.00,5.83
可移貼紙,0,37,0.00,18.81
同人 印刷,0,2,0.00,3.00
同人周邊,0,3,0.00,6.00
同人周邊製作,0,5,0.00,5.40
同人掛軸印刷,0,1,0.00,6.00
同人本,0,2,0.00,3.00
同人本 印刷,0,3,0.00,9.00
同人本印刷,0,1,0.00,2.00
同人紙,0,3,0.00,8.00
同人誌 印刷,0,5,0.00,6.00
名片印刷,0,1,0.00,35.00
吸印,0,1,0.00,1.00
咭片,0,45,0.00,41.98
咭片印刷,0,38,0.00,36.87
啞膠咭片,0,3,0.00,24.00
單張,0,3,0.00,21.00
地鐵 廣告 價錢,0,2,0.00,25.00
地鐵燈箱廣告價錢,0,1,0.00,30.00
地鐵燈箱廣告尺寸,0,7,0.00,5.57
地鐵站廣告價錢,0,1,0.00,36.00
型錄印製,0,2,0.00,15.50
大 信封,0,1,0.00,22.00
大信封,0,24,0.00,2.21
大型 海報 印刷,0,5,0.00,12.60
大紙袋,0,7,0.00,7.71
大紙袋哪裡買,0,1,0.00,17.00
學校 印刷,0,5,0.00,40.20
學校印刷,0,8,0.00,42.00
客 製 貼紙,0,1,0.00,35.00
客貨車裱貼,0,1,0.00,67.00
宣傳 單 張,0,3,0.00,60.00
宣傳單張,0,311,0.00,54.93
宣傳單張印刷,0,350,0.00,57.19
室內海報,0,8,0.00,20.62
工藝海報,0,1,0.00,5.00
座枱易拉架,0,2,0.00,70.50
彩色信封,0,6,0.00,3.83
戶外橫額,0,56,0.00,61.38
戶外海報,0,20,0.00,18.95
戶外貼紙,0,25,0.00,34.80
手抽袋,0,5,0.00,37.20
抽屜式禮盒,0,3,0.00,1.00
摺頁印刷,0,15,0.00,45.40
新蒲崗影印鋪,0,3,0.00,1.00
易 拉架,0,1,0.00,73.00
易拉寶,0,6,0.00,13.00
易拉架,0,19,0.00,76.89
易拉架印刷,0,4,0.00,64.25
易拉架製作,0,10,0.00,71.00
易拉架訂製,0,2,0.00,62.50
書刊印刷,0,12,0.00,56.92
書籍印刷,0,2,0.00,24.50
月曆印刷,0,113,0.00,35.32
月曆訂製,0,12,0.00,37.58
月歷印刷,0,41,0.00,39.83
校 簿 印刷,0,7,0.00,32.86
校刊印刷,0,1,0.00,20.00
標籤 印刷,0,2,0.00,45.00
標籤廠商,0,3,0.00,50.67
標籤貼紙印刷,0,3,0.00,35.67
殺菌貼紙,0,1,0.00,37.00
海報,0,3,0.00,2.00
海報 印刷,0,5,0.00,43.00
海報 尺寸,0,1,0.00,65.00
海報 材質,0,2,0.00,5.00
海報 紙質,0,1,0.00,1.00
海報a2,0,2,0.00,1.00
海報size,0,10,0.00,43.40
海報價格,0,2,0.00,37.00
海報價錢,0,1,0.00,34.00
海報列印,0,17,0.00,54.94
海報印刷,0,198,0.00,36.94
海報印刷一張,0,1,0.00,64.00
海報大小,0,12,0.00,49.17
海報尺寸,0,4,0.00,41.75
海報影印,0,1,0.00,14.00
海報影印價錢,0,1,0.00,12.00
海報是什麼,0,1,0.00,10.00
海報材質,0,2,0.00,4.50
海報紙質,0,8,0.00,7.25
海報與印刷,0,73,0.00,46.07
港鐵廣告價格表,0,1,0.00,27.00
澳門a3海報印刷,0,1,0.00,40.00
澳門poster印刷,0,1,0.00,31.00
澳門海報列印,0,1,0.00,44.00
燈箱yupo紙,0,5,0.00,15.20
燙金 印刷,0,1,0.00,39.00
燙金 貼紙,0,1,0.00,60.00
燙金貼紙,0,2,0.00,1.50
牛皮紙盒,0,11,0.00,1.36
牛皮紙盒印刷,0,6,0.00,44.17
牛皮紙袋,0,1,0.00,65.00
特種紙,0,7,0.00,10.29
珠光紙印刷,0,1,0.00,1.00
現貨紙袋香港,0,1,0.00,27.00
環保 紙,0,1,0.00,95.00
環保印刷,0,10,0.00,21.40
環保材質貼紙,0,5,0.00,27.20
環保紙,0,1,0.00,90.00
畢業 紀念冊,0,1,0.00,41.00
畢業紀念冊,0,1,0.00,5.00
畢業紀念冊哪裡買,0,1,0.00,49.00
畢業紀念冊香港,0,2,0.00,10.00
異形貼紙,0,1,0.00,10.00
白卡紙盒,0,1,0.00,1.00
禮品紙袋,0,1,0.00,22.00
禮物盒訂製,0,3,0.00,14.67
禮盒訂做,0,9,0.00,45.22
禮盒訂製,0,11,0.00,46.36
精裝書,0,3,0.00,4.67
紀念冊 香港,0,1,0.00,4.00
紙 材質,0,1,0.00,81.00
紙 材質 種類,0,1,0.00,87.00
紙 盒 印刷,0,1,0.00,55.00
紙張,0,3,0.00,58.67
紙張 材質,0,2,0.00,41.50
紙盒印刷,0,15,0.00,59.53
紙盒訂製,0,63,0.00,60.94
紙袋,0,10,0.00,58.50
紙袋印刷,0,138,0.00,48.30
紙袋大,0,1,0.00,16.00
紙袋訂製,0,90,0.00,55.73
紙質,0,1,0.00,55.00
網孔貼,0,1,0.00,31.00
膠卡餐牌,0,19,0.00,29.47
膠片餐牌,0,15,0.00,21.73
膠裝 騎馬釘,0,2,0.00,2.50
膠裝書,0,24,0.00,40.08
膠裝書價格,0,27,0.00,34.33
膠裝書刊,0,3,0.00,52.33
膠裝書印刷,0,22,0.00,41.50
菜單印刷,0,1,0.00,3.00
藝術海報,0,1,0.00,23.00
藥品標籤,0,1,0.00,32.00
螢光貼紙,0,1,0.00,1.00
觀塘印刷公司,0,7,0.00,15.57
觀塘印貼紙,0,1,0.00,35.00
觀塘易拉架,0,2,0.00,64.00
訂 做 紙袋,0,5,0.00,40.20
訂 制 利 是 封,0,1,0.00,57.00
訂做紙袋,0,64,0.00,43.06
訂制月曆,0,2,0.00,30.00
訂製利是封,0,2,0.00,47.00
訂製月曆,0,2,0.00,34.00
訂製貼紙,0,2,0.00,53.00
證書 影印,0,11,0.00,20.73
貼海報,0,4,0.00,54.75
貼紙,0,34,0.00,57.50
貼紙 印刷,0,1,0.00,36.00
貼紙印刷,0,151,0.00,55.12
貼紙印製,0,6,0.00,58.17
貼紙定制,0,1,0.00,22.00
貼紙打印,0,1,0.00,47.00
貼紙材質pvc,0,1,0.00,9.00
貼紙製作,0,2,0.00,74.00
貼紙訂製,0,24,0.00,37.62
貼紙設計,0,8,0.00,19.62
車身 廣告,0,1,0.00,41.00
車身 貼紙 訂 做,0,1,0.00,37.00
車身廣告,0,18,0.00,73.11
車身廣告貼紙,0,11,0.00,37.00
車身裱貼,0,2,0.00,51.50
透明 貼紙,0,1,0.00,29.00
透明pvc貼紙,0,3,0.00,5.67
透明貼,0,52,0.00,42.21
透明貼紙,0,11,0.00,29.73
透明防水貼紙,0,1,0.00,1.00
酒水牌,0,2,0.00,3.00
銅版 紙,0,2,0.00,45.50
銅版紙,0,1,0.00,45.00
銅版紙卡片,0,1,0.00,1.00
防偽貼紙,0,7,0.00,3.43
防水,0,2,0.00,1.50
防水 貼紙,0,1,0.00,23.00
防水pvc貼紙,0,3,0.00,1.33
防水合成紙,0,1,0.00,1.00
防水海報,0,1,0.00,3.00
防水貼紙,0,4,0.00,24.00
防水車貼,0,1,0.00,33.00
電子產品包裝,0,1,0.00,11.00
飛機 盒,0,2,0.00,25.00
飛機盒,0,1,0.00,24.00
食品包裝印刷,0,122,0.00,63.23
食品包裝盒,0,1,0.00,23.00
食品包裝袋印刷,0,9,0.00,25.89
食品包裝訂製,0,42,0.00,26.88
食品印刷,0,22,0.00,44.05
餐牌印刷,0,76,0.00,25.88
香港,0,1,0.00,10.00
香港 印刷,0,1,0.00,50.00
香港 印刷 公司,0,1,0.00,39.00
香港 貼紙 印刷,0,2,0.00,29.00
香港印刷,0,4,0.00,44.50
香港印刷公司,0,8,0.00,40.50
香港哪裡有售,0,1,0.00,8.00
香港貼紙印刷,0,4,0.00,28.75
香港電車廣告 指標,0,1,0.00,5.00
騎馬 釘,0,1,0.00,55.00
騎馬釘,0,56,0.00,39.54
騎馬釘印刷,0,50,0.00,39.24
騎馬釘書刊,0,48,0.00,53.38
騎馬釘裝,0,1,0.00,46.00
騎馬釘裝訂,0,4,0.00,1.50
