文件名,品类,slug,语言,编号,SKU匹配,状态,原大小KB,输出大小KB
zprintpro-flyers-a4-flyers-en-1.jpg,flyers,a4-flyers,en,1,FL-001,成功,490,82
zprintpro-flyers-a4-flyers-en-2.jpg,flyers,a4-flyers,en,2,FL-001,成功,496,85
zprintpro-flyers-a4-flyers-ja-1.jpg,flyers,a4-flyers,ja,1,FL-001,成功,544,103
zprintpro-flyers-a4-flyers-ja-2.jpg,flyers,a4-flyers,ja,2,FL-001,成功,504,86
zprintpro-flyers-a4-flyers-zh-hk-1.jpg,flyers,a4-flyers,zh-hk,1,FL-001,成功,498,86
zprintpro-flyers-a4-flyers-zh-hk-2.jpg,flyers,a4-flyers,zh-hk,2,FL-001,成功,557,109
zprintpro-flyers-a5-flyers-en-1.jpg,flyers,a5-flyers,en,1,FL-002,成功,438,72
zprintpro-flyers-a5-flyers-ja-1.jpg,flyers,a5-flyers,ja,1,FL-002,成功,540,97
zprintpro-flyers-a5-flyers-ja-2.jpg,flyers,a5-flyers,ja,2,FL-002,成功,553,104
zprintpro-flyers-a5-flyers-zh-hk-1.jpg,flyers,a5-flyers,zh-hk,1,FL-002,成功,519,99
zprintpro-flyers-a5-flyers-zh-hk-2.jpg,flyers,a5-flyers,zh-hk,2,FL-002,成功,533,103
zprintpro-flyers-a5-flyers-zh-hk-3.jpg,flyers,a5-flyers,zh-hk,3,FL-002,成功,577,111
zprintpro-flyers-a5-flyers-zh-hk-4.jpg,flyers,a5-flyers,zh-hk,4,FL-002,成功,531,101
zprintpro-flyers-double-sided-flyers-en-1.jpg,flyers,double-sided-flyers,en,1,FL-003,成功,472,84
zprintpro-flyers-double-sided-flyers-en-2.jpg,flyers,double-sided-flyers,en,2,FL-003,成功,534,87
zprintpro-flyers-double-sided-flyers-ja-1.jpg,flyers,double-sided-flyers,ja,1,FL-003,成功,504,91
zprintpro-flyers-double-sided-flyers-ja-2.jpg,flyers,double-sided-flyers,ja,2,FL-003,成功,487,84
zprintpro-flyers-double-sided-flyers-zh-hk-1.jpg,flyers,double-sided-flyers,zh-hk,1,FL-003,成功,603,122
zprintpro-flyers-double-sided-flyers-zh-hk-2.jpg,flyers,double-sided-flyers,zh-hk,2,FL-003,成功,564,107
zprintpro-flyers-double-sided-flyers-zh-hk-3.jpg,flyers,double-sided-flyers,zh-hk,3,FL-003,成功,540,103
zprintpro-flyers-double-sided-flyers-zh-hk-4.jpg,flyers,double-sided-flyers,zh-hk,4,FL-003,成功,575,114
zprintpro-flyers-eco-flyers-en-1.jpg,flyers,eco-flyers,en,1,FL-007,成功,441,68
zprintpro-flyers-eco-flyers-en-2.jpg,flyers,eco-flyers,en,2,FL-007,成功,514,90
zprintpro-flyers-eco-flyers-en-3.jpg,flyers,eco-flyers,en,3,FL-007,成功,492,78
zprintpro-flyers-eco-flyers-ja-1.jpg,flyers,eco-flyers,ja,1,FL-007,成功,453,69
zprintpro-flyers-eco-flyers-ja-2.jpg,flyers,eco-flyers,ja,2,FL-007,成功,520,88
zprintpro-flyers-eco-flyers-ja-3.jpg,flyers,eco-flyers,ja,3,FL-007,成功,448,63
zprintpro-flyers-eco-flyers-zh-hk-1.jpg,flyers,eco-flyers,zh-hk,1,FL-007,成功,486,84
zprintpro-flyers-eco-flyers-zh-hk-2.jpg,flyers,eco-flyers,zh-hk,2,FL-007,成功,518,89
zprintpro-flyers-eco-flyers-zh-hk-3.jpg,flyers,eco-flyers,zh-hk,3,FL-007,成功,522,87
zprintpro-flyers-folded-leaflets-en-1.jpg,flyers,folded-leaflets,en,1,FL-004,成功,460,69
zprintpro-flyers-folded-leaflets-en-2.jpg,flyers,folded-leaflets,en,2,FL-004,成功,482,85
zprintpro-flyers-folded-leaflets-ja-1.jpg,flyers,folded-leaflets,ja,1,FL-004,成功,416,62
zprintpro-flyers-folded-leaflets-ja-2.jpg,flyers,folded-leaflets,ja,2,FL-004,成功,475,73
zprintpro-flyers-folded-leaflets-zh-hk-1.jpg,flyers,folded-leaflets,zh-hk,1,FL-004,成功,515,91
zprintpro-flyers-folded-leaflets-zh-hk-2.jpg,flyers,folded-leaflets,zh-hk,2,FL-004,成功,534,103
zprintpro-flyers-same-day-flyers-en-1.jpg,flyers,same-day-flyers,en,1,FL-008,成功,493,84
zprintpro-flyers-same-day-flyers-en-2.jpg,flyers,same-day-flyers,en,2,FL-008,成功,502,90
zprintpro-flyers-same-day-flyers-en-3.jpg,flyers,same-day-flyers,en,3,FL-008,成功,500,86
zprintpro-flyers-same-day-flyers-ja-1.jpg,flyers,same-day-flyers,ja,1,FL-008,成功,481,77
zprintpro-flyers-same-day-flyers-ja-2.jpg,flyers,same-day-flyers,ja,2,FL-008,成功,462,84
zprintpro-flyers-same-day-flyers-ja-3.jpg,flyers,same-day-flyers,ja,3,FL-008,成功,552,102
zprintpro-flyers-same-day-flyers-zh-hk-1.jpg,flyers,same-day-flyers,zh-hk,1,FL-008,成功,488,84
zprintpro-flyers-same-day-flyers-zh-hk-2.jpg,flyers,same-day-flyers,zh-hk,2,FL-008,成功,503,92
zprintpro-flyers-same-day-flyers-zh-hk-3.jpg,flyers,same-day-flyers,zh-hk,3,FL-008,成功,513,94
zprintpro-flyers-thick-paper-flyers-en-1.jpg,flyers,thick-paper-flyers,en,1,FL-005,成功,475,74
zprintpro-flyers-thick-paper-flyers-en-2.jpg,flyers,thick-paper-flyers,en,2,FL-005,成功,497,75
zprintpro-flyers-thick-paper-flyers-ja-1.jpg,flyers,thick-paper-flyers,ja,1,FL-005,成功,512,80
zprintpro-flyers-thick-paper-flyers-ja-2.jpg,flyers,thick-paper-flyers,ja,2,FL-005,成功,486,87
zprintpro-flyers-thick-paper-flyers-zh-hk-1.jpg,flyers,thick-paper-flyers,zh-hk,1,FL-005,成功,577,104
zprintpro-flyers-thick-paper-flyers-zh-hk-2.jpg,flyers,thick-paper-flyers,zh-hk,2,FL-005,成功,527,98
zprintpro-paper-bags-eco-paper-bags-en-1.jpg,paper,bags-eco-paper-bags,en,1,PB-004,成功,479,77
zprintpro-paper-bags-eco-paper-bags-en-2.jpg,paper,bags-eco-paper-bags,en,2,PB-004,成功,500,89
zprintpro-paper-bags-eco-paper-bags-en-3.jpg,paper,bags-eco-paper-bags,en,3,PB-004,成功,505,81
zprintpro-paper-bags-eco-paper-bags-en-4.jpg,paper,bags-eco-paper-bags,en,4,PB-004,成功,492,82
zprintpro-paper-bags-eco-paper-bags-ja-1.jpg,paper,bags-eco-paper-bags,ja,1,PB-004,成功,430,63
zprintpro-paper-bags-eco-paper-bags-ja-2.jpg,paper,bags-eco-paper-bags,ja,2,PB-004,成功,482,82
zprintpro-paper-bags-eco-paper-bags-ja-3.jpg,paper,bags-eco-paper-bags,ja,3,PB-004,成功,462,71
zprintpro-paper-bags-eco-paper-bags-ja-4.jpg,paper,bags-eco-paper-bags,ja,4,PB-004,成功,468,80
zprintpro-paper-bags-eco-paper-bags-zh-hk-1.jpg,paper,bags-eco-paper-bags,zh-hk,1,PB-004,成功,469,78
zprintpro-paper-bags-eco-paper-bags-zh-hk-2.jpg,paper,bags-eco-paper-bags,zh-hk,2,PB-004,成功,446,69
zprintpro-paper-bags-eco-paper-bags-zh-hk-3.jpg,paper,bags-eco-paper-bags,zh-hk,3,PB-004,成功,484,79
zprintpro-paper-bags-eco-paper-bags-zh-hk-4.jpg,paper,bags-eco-paper-bags,zh-hk,4,PB-004,成功,440,72
zprintpro-paper-bags-gift-bags-en-1.jpg,paper,bags-gift-bags,en,1,PB-003,成功,509,89
zprintpro-paper-bags-gift-bags-en-2.jpg,paper,bags-gift-bags,en,2,PB-003,成功,421,68
zprintpro-paper-bags-gift-bags-en-3.jpg,paper,bags-gift-bags,en,3,PB-003,成功,439,65
zprintpro-paper-bags-gift-bags-en-4.jpg,paper,bags-gift-bags,en,4,PB-003,成功,450,72
zprintpro-paper-bags-gift-bags-ja-1.jpg,paper,bags-gift-bags,ja,1,PB-003,成功,530,95
zprintpro-paper-bags-gift-bags-ja-2.jpg,paper,bags-gift-bags,ja,2,PB-003,成功,500,82
zprintpro-paper-bags-gift-bags-ja-3.jpg,paper,bags-gift-bags,ja,3,PB-003,成功,554,106
zprintpro-paper-bags-gift-bags-ja-4.jpg,paper,bags-gift-bags,ja,4,PB-003,成功,482,81
zprintpro-paper-bags-gift-bags-zh-hk-1.jpg,paper,bags-gift-bags,zh-hk,1,PB-003,成功,471,81
zprintpro-paper-bags-gift-bags-zh-hk-2.jpg,paper,bags-gift-bags,zh-hk,2,PB-003,成功,504,89
zprintpro-paper-bags-gift-bags-zh-hk-3.jpg,paper,bags-gift-bags,zh-hk,3,PB-003,成功,492,84
zprintpro-paper-bags-gift-bags-zh-hk-4.jpg,paper,bags-gift-bags,zh-hk,4,PB-003,成功,508,91
zprintpro-paper-bags-handle-bags-en-1.jpg,paper,bags-handle-bags,en,1,PB-005,成功,423,65
zprintpro-paper-bags-handle-bags-en-2.jpg,paper,bags-handle-bags,en,2,PB-005,成功,456,76
zprintpro-paper-bags-handle-bags-en-3.jpg,paper,bags-handle-bags,en,3,PB-005,成功,463,77
zprintpro-paper-bags-handle-bags-en-4.jpg,paper,bags-handle-bags,en,4,PB-005,成功,486,75
zprintpro-paper-bags-handle-bags-ja-1.jpg,paper,bags-handle-bags,ja,1,PB-005,成功,423,62
zprintpro-paper-bags-handle-bags-ja-2.jpg,paper,bags-handle-bags,ja,2,PB-005,成功,437,67
zprintpro-paper-bags-handle-bags-ja-3.jpg,paper,bags-handle-bags,ja,3,PB-005,成功,443,68
zprintpro-paper-bags-handle-bags-zh-hk-1.jpg,paper,bags-handle-bags,zh-hk,1,PB-005,成功,544,102
zprintpro-paper-bags-handle-bags-zh-hk-2.jpg,paper,bags-handle-bags,zh-hk,2,PB-005,成功,436,66
zprintpro-paper-bags-handle-bags-zh-hk-3.jpg,paper,bags-handle-bags,zh-hk,3,PB-005,成功,485,84
zprintpro-paper-bags-handle-bags-zh-hk-4.jpg,paper,bags-handle-bags,zh-hk,4,PB-005,成功,444,68
zprintpro-paper-bags-kraft-paper-bags-en-1.jpg,paper,bags-kraft-paper-bags,en,1,PB-001,成功,456,51
zprintpro-paper-bags-kraft-paper-bags-en-2.jpg,paper,bags-kraft-paper-bags,en,2,PB-001,成功,454,52
zprintpro-paper-bags-kraft-paper-bags-en-3.jpg,paper,bags-kraft-paper-bags,en,3,PB-001,成功,448,50
zprintpro-paper-bags-kraft-paper-bags-en-4.jpg,paper,bags-kraft-paper-bags,en,4,PB-001,成功,429,41
zprintpro-paper-bags-kraft-paper-bags-ja-1.jpg,paper,bags-kraft-paper-bags,ja,1,PB-001,成功,457,55
zprintpro-paper-bags-kraft-paper-bags-ja-2.jpg,paper,bags-kraft-paper-bags,ja,2,PB-001,成功,460,53
zprintpro-paper-bags-kraft-paper-bags-ja-3.jpg,paper,bags-kraft-paper-bags,ja,3,PB-001,成功,455,51
zprintpro-paper-bags-kraft-paper-bags-ja-4.jpg,paper,bags-kraft-paper-bags,ja,4,PB-001,成功,461,53
zprintpro-paper-bags-kraft-paper-bags-zh-hk-1.jpg,paper,bags-kraft-paper-bags,zh-hk,1,PB-001,成功,491,64
zprintpro-paper-bags-kraft-paper-bags-zh-hk-2.jpg,paper,bags-kraft-paper-bags,zh-hk,2,PB-001,成功,461,56
zprintpro-paper-bags-kraft-paper-bags-zh-hk-3.jpg,paper,bags-kraft-paper-bags,zh-hk,3,PB-001,成功,435,51
zprintpro-paper-bags-large-bags-en-1.jpg,paper,bags-large-bags,en,1,PB-007,成功,454,71
zprintpro-paper-bags-large-bags-en-2.jpg,paper,bags-large-bags,en,2,PB-007,成功,432,64
zprintpro-paper-bags-large-bags-en-3.jpg,paper,bags-large-bags,en,3,PB-007,成功,480,79
zprintpro-paper-bags-large-bags-en-4.jpg,paper,bags-large-bags,en,4,PB-007,成功,467,75
zprintpro-paper-bags-large-bags-ja-1.jpg,paper,bags-large-bags,ja,1,PB-007,成功,468,71
zprintpro-paper-bags-large-bags-ja-2.jpg,paper,bags-large-bags,ja,2,PB-007,成功,460,62
zprintpro-paper-bags-large-bags-ja-3.jpg,paper,bags-large-bags,ja,3,PB-007,成功,428,64
zprintpro-paper-bags-large-bags-ja-4.jpg,paper,bags-large-bags,ja,4,PB-007,成功,474,76
zprintpro-paper-bags-large-bags-zh-hk-1.jpg,paper,bags-large-bags,zh-hk,1,PB-007,成功,458,71
zprintpro-paper-bags-large-bags-zh-hk-2.jpg,paper,bags-large-bags,zh-hk,2,PB-007,成功,427,62
zprintpro-paper-bags-large-bags-zh-hk-3.jpg,paper,bags-large-bags,zh-hk,3,PB-007,成功,482,66
zprintpro-paper-bags-large-bags-zh-hk-4.jpg,paper,bags-large-bags,zh-hk,4,PB-007,成功,455,61
zprintpro-paper-bags-white-card-bags-en-1.jpg,paper,bags-white-card-bags,en,1,PB-002,成功,400,51
zprintpro-paper-bags-white-card-bags-en-2.jpg,paper,bags-white-card-bags,en,2,PB-002,成功,411,51
zprintpro-paper-bags-white-card-bags-en-3.jpg,paper,bags-white-card-bags,en,3,PB-002,成功,404,48
zprintpro-paper-bags-white-card-bags-en-4.jpg,paper,bags-white-card-bags,en,4,PB-002,成功,434,59
zprintpro-paper-bags-white-card-bags-ja-1.jpg,paper,bags-white-card-bags,ja,1,PB-002,成功,406,51
zprintpro-paper-bags-white-card-bags-ja-2.jpg,paper,bags-white-card-bags,ja,2,PB-002,成功,405,44
zprintpro-paper-bags-white-card-bags-ja-3.jpg,paper,bags-white-card-bags,ja,3,PB-002,成功,358,36
zprintpro-paper-bags-white-card-bags-ja-4.jpg,paper,bags-white-card-bags,ja,4,PB-002,成功,416,49
zprintpro-posters-a1-posters-en-1.jpg,posters,a1-posters,en,1,PO-002,成功,456,72
zprintpro-posters-a1-posters-en-2.jpg,posters,a1-posters,en,2,PO-002,成功,412,64
zprintpro-posters-a1-posters-en-3.jpg,posters,a1-posters,en,3,PO-002,成功,393,64
zprintpro-posters-a1-posters-en-4.jpg,posters,a1-posters,en,4,PO-002,成功,515,90
zprintpro-posters-a1-posters-ja-1.jpg,posters,a1-posters,ja,1,PO-002,成功,512,88
zprintpro-posters-a1-posters-ja-2.jpg,posters,a1-posters,ja,2,PO-002,成功,476,76
zprintpro-posters-a1-posters-ja-3.jpg,posters,a1-posters,ja,3,PO-002,成功,357,46
zprintpro-posters-a1-posters-ja-4.jpg,posters,a1-posters,ja,4,PO-002,成功,439,66
zprintpro-posters-a1-posters-zh-hk-1.jpg,posters,a1-posters,zh-hk,1,PO-002,成功,439,74
zprintpro-posters-a1-posters-zh-hk-2.jpg,posters,a1-posters,zh-hk,2,PO-002,成功,447,72
zprintpro-posters-a1-posters-zh-hk-3.jpg,posters,a1-posters,zh-hk,3,PO-002,成功,412,63
zprintpro-posters-a1-posters-zh-hk-4.jpg,posters,a1-posters,zh-hk,4,PO-002,成功,459,80
zprintpro-posters-a2-posters-en-1.jpg,posters,a2-posters,en,1,PO-001,成功,422,59
zprintpro-posters-a2-posters-en-2.jpg,posters,a2-posters,en,2,PO-001,成功,385,57
zprintpro-posters-a2-posters-en-3.jpg,posters,a2-posters,en,3,PO-001,成功,427,66
zprintpro-posters-a2-posters-ja-1.jpg,posters,a2-posters,ja,1,PO-001,成功,451,77
zprintpro-posters-a2-posters-ja-2.jpg,posters,a2-posters,ja,2,PO-001,成功,447,75
zprintpro-posters-a2-posters-ja-3.jpg,posters,a2-posters,ja,3,PO-001,成功,445,73
zprintpro-posters-a2-posters-zh-hk-1.jpg,posters,a2-posters,zh-hk,1,PO-001,成功,448,73
zprintpro-posters-a2-posters-zh-hk-2.jpg,posters,a2-posters,zh-hk,2,PO-001,成功,445,74
zprintpro-posters-a2-posters-zh-hk-3.jpg,posters,a2-posters,zh-hk,3,PO-001,成功,469,85
zprintpro-posters-outdoor-posters-en-1.jpg,posters,outdoor-posters,en,1,PO-003,成功,463,74
zprintpro-posters-outdoor-posters-en-2.jpg,posters,outdoor-posters,en,2,PO-003,成功,397,65
zprintpro-posters-outdoor-posters-en-3.jpg,posters,outdoor-posters,en,3,PO-003,成功,440,75
zprintpro-posters-outdoor-posters-zh-hk-1.jpg,posters,outdoor-posters,zh-hk,1,PO-003,成功,409,66
zprintpro-posters-outdoor-posters-zh-hk-2.jpg,posters,outdoor-posters,zh-hk,2,PO-003,成功,464,84
zprintpro-posters-outdoor-posters-zh-hk-3.jpg,posters,outdoor-posters,zh-hk,3,PO-003,成功,428,73
zprintpro-posters-outdoor-posters-zh-hk-4.jpg,posters,outdoor-posters,zh-hk,4,PO-003,成功,472,85
zprintpro-stickers-die-cut-stickers-en-1.jpg,stickers,die-cut-stickers,en,1,ST-005,成功,474,86
zprintpro-stickers-die-cut-stickers-en-2.jpg,stickers,die-cut-stickers,en,2,ST-005,成功,445,79
zprintpro-stickers-die-cut-stickers-en-3.jpg,stickers,die-cut-stickers,en,3,ST-005,成功,474,87
zprintpro-stickers-die-cut-stickers-en-4.jpg,stickers,die-cut-stickers,en,4,ST-005,成功,511,97
zprintpro-stickers-die-cut-stickers-ja-1.jpg,stickers,die-cut-stickers,ja,1,ST-005,成功,513,95
zprintpro-stickers-die-cut-stickers-ja-2.jpg,stickers,die-cut-stickers,ja,2,ST-005,成功,532,95
zprintpro-stickers-die-cut-stickers-ja-3.jpg,stickers,die-cut-stickers,ja,3,ST-005,成功,522,94
zprintpro-stickers-die-cut-stickers-ja-4.jpg,stickers,die-cut-stickers,ja,4,ST-005,成功,499,90
zprintpro-stickers-die-cut-stickers-zh-hk-1.jpg,stickers,die-cut-stickers,zh-hk,1,ST-005,成功,497,81
zprintpro-stickers-die-cut-stickers-zh-hk-2.jpg,stickers,die-cut-stickers,zh-hk,2,ST-005,成功,437,74
zprintpro-stickers-die-cut-stickers-zh-hk-3.jpg,stickers,die-cut-stickers,zh-hk,3,ST-005,成功,461,80
zprintpro-stickers-die-cut-stickers-zh-hk-4.jpg,stickers,die-cut-stickers,zh-hk,4,ST-005,成功,477,82
zprintpro-stickers-die-cut-stickers-zh-hk-5.jpg,stickers,die-cut-stickers,zh-hk,5,ST-005,成功,499,88
zprintpro-stickers-die-cut-stickers-zh-hk-6.jpg,stickers,die-cut-stickers,zh-hk,6,ST-005,成功,457,78
zprintpro-stickers-fluorescent-stickers-en-1.jpg,stickers,fluorescent-stickers,en,1,ST-008,成功,507,69
zprintpro-stickers-fluorescent-stickers-en-2.jpg,stickers,fluorescent-stickers,en,2,ST-008,成功,570,91
zprintpro-stickers-fluorescent-stickers-en-3.jpg,stickers,fluorescent-stickers,en,3,ST-008,成功,507,74
zprintpro-stickers-fluorescent-stickers-en-4.jpg,stickers,fluorescent-stickers,en,4,ST-008,成功,514,72
zprintpro-stickers-fluorescent-stickers-ja-1.jpg,stickers,fluorescent-stickers,ja,1,ST-008,成功,432,54
zprintpro-stickers-fluorescent-stickers-ja-2.jpg,stickers,fluorescent-stickers,ja,2,ST-008,成功,454,61
zprintpro-stickers-fluorescent-stickers-ja-3.jpg,stickers,fluorescent-stickers,ja,3,ST-008,成功,462,63
zprintpro-stickers-fluorescent-stickers-ja-4.jpg,stickers,fluorescent-stickers,ja,4,ST-008,成功,493,67
zprintpro-stickers-fluorescent-stickers-zh-hk-1.jpg,stickers,fluorescent-stickers,zh-hk,1,ST-008,成功,504,76
zprintpro-stickers-fluorescent-stickers-zh-hk-2.jpg,stickers,fluorescent-stickers,zh-hk,2,ST-008,成功,439,55
zprintpro-stickers-fluorescent-stickers-zh-hk-3.jpg,stickers,fluorescent-stickers,zh-hk,3,ST-008,成功,487,74
zprintpro-stickers-fluorescent-stickers-zh-hk4.jpg,,,,,,异常删除,0,0
zprintpro-stickers-foil-stickers-en-1.jpg,stickers,foil-stickers,en,1,ST-006,成功,457,62
zprintpro-stickers-foil-stickers-en-2.jpg,stickers,foil-stickers,en,2,ST-006,成功,484,74
zprintpro-stickers-foil-stickers-en-3.jpg,stickers,foil-stickers,en,3,ST-006,成功,457,63
zprintpro-stickers-foil-stickers-en-4.jpg,stickers,foil-stickers,en,4,ST-006,成功,455,61
zprintpro-stickers-foil-stickers-ja-1.jpg,stickers,foil-stickers,ja,1,ST-006,成功,537,102
zprintpro-stickers-foil-stickers-ja-2.jpg,stickers,foil-stickers,ja,2,ST-006,成功,507,90
zprintpro-stickers-foil-stickers-ja-3.jpg,stickers,foil-stickers,ja,3,ST-006,成功,512,90
zprintpro-stickers-foil-stickers-ja-4.jpg,stickers,foil-stickers,ja,4,ST-006,成功,496,86
zprintpro-stickers-foil-stickers-zh-hk-1.jpg,stickers,foil-stickers,zh-hk,1,ST-006,成功,486,75
zprintpro-stickers-foil-stickers-zh-hk-2.jpg,stickers,foil-stickers,zh-hk,2,ST-006,成功,489,73
zprintpro-stickers-foil-stickers-zh-hk-3.jpg,stickers,foil-stickers,zh-hk,3,ST-006,成功,577,99
zprintpro-stickers-foil-stickers-zh-hk-4.jpg,stickers,foil-stickers,zh-hk,4,ST-006,成功,560,93
zprintpro-stickers-removable-stickers-en-1.jpg,stickers,removable-stickers,en,1,ST-003,成功,460,81
zprintpro-stickers-removable-stickers-en-2.jpg,stickers,removable-stickers,en,2,ST-003,成功,476,85
zprintpro-stickers-removable-stickers-en-3.jpg,stickers,removable-stickers,en,3,ST-003,成功,493,82
zprintpro-stickers-removable-stickers-en-4.jpg,stickers,removable-stickers,en,4,ST-003,成功,452,83
zprintpro-stickers-removable-stickers-ja-1.jpg,stickers,removable-stickers,ja,1,ST-003,成功,515,93
zprintpro-stickers-removable-stickers-ja-2.jpg,stickers,removable-stickers,ja,2,ST-003,成功,513,92
zprintpro-stickers-removable-stickers-ja-3.jpg,stickers,removable-stickers,ja,3,ST-003,成功,413,67
zprintpro-stickers-removable-stickers-zh-hk-1.jpg,stickers,removable-stickers,zh-hk,1,ST-003,成功,516,91
zprintpro-stickers-removable-stickers-zh-hk-2.jpg,stickers,removable-stickers,zh-hk,2,ST-003,成功,415,64
zprintpro-stickers-removable-stickers-zh-hk-3.jpg,stickers,removable-stickers,zh-hk,3,ST-003,成功,412,69
zprintpro-stickers-removable-stickers-zh-hk4.jpg,,,,,,异常删除,0,0
zprintpro-stickers-security-stickers-en-1.jpg,stickers,security-stickers,en,1,ST-007,成功,499,73
zprintpro-stickers-security-stickers-en-2.jpg,stickers,security-stickers,en,2,ST-007,成功,430,59
zprintpro-stickers-security-stickers-en-3.jpg,stickers,security-stickers,en,3,ST-007,成功,413,54
zprintpro-stickers-security-stickers-en-4.jpg,stickers,security-stickers,en,4,ST-007,成功,519,74
zprintpro-stickers-security-stickers-ja-1.jpg,stickers,security-stickers,ja,1,ST-007,成功,527,78
zprintpro-stickers-security-stickers-ja-2.jpg,stickers,security-stickers,ja,2,ST-007,成功,547,82
zprintpro-stickers-security-stickers-ja-3.jpg,stickers,security-stickers,ja,3,ST-007,成功,518,79
zprintpro-stickers-security-stickers-ja-4.jpg,stickers,security-stickers,ja,4,ST-007,成功,519,79
zprintpro-stickers-security-stickers-zh-hk-1.jpg,stickers,security-stickers,zh-hk,1,ST-007,成功,487,71
zprintpro-stickers-security-stickers-zh-hk-2.jpg,stickers,security-stickers,zh-hk,2,ST-007,成功,495,69
zprintpro-stickers-security-stickers-zh-hk-3.jpg,stickers,security-stickers,zh-hk,3,ST-007,成功,455,57
zprintpro-stickers-security-stickers-zh-hk-4.jpg,stickers,security-stickers,zh-hk,4,ST-007,成功,473,66
zprintpro-stickers-small-batch-stickers-en-1.jpg,stickers,small-batch-stickers,en,1,ST-004,成功,499,89
zprintpro-stickers-small-batch-stickers-en-2.jpg,stickers,small-batch-stickers,en,2,ST-004,成功,485,83
zprintpro-stickers-small-batch-stickers-en-3.jpg,stickers,small-batch-stickers,en,3,ST-004,成功,464,78
zprintpro-stickers-small-batch-stickers-en-4.jpg,stickers,small-batch-stickers,en,4,ST-004,成功,506,88
zprintpro-stickers-small-batch-stickers-ja-1.jpg,stickers,small-batch-stickers,ja,1,ST-004,成功,526,97
zprintpro-stickers-small-batch-stickers-ja-2.jpg,stickers,small-batch-stickers,ja,2,ST-004,成功,442,71
zprintpro-stickers-small-batch-stickers-ja-3.jpg,stickers,small-batch-stickers,ja,3,ST-004,成功,496,89
zprintpro-stickers-small-batch-stickers-ja-4.jpg,stickers,small-batch-stickers,ja,4,ST-004,成功,542,100
zprintpro-stickers-small-batch-stickers-zh-hk-1.jpg,stickers,small-batch-stickers,zh-hk,1,ST-004,成功,475,85
zprintpro-stickers-small-batch-stickers-zh-hk-2.jpg,stickers,small-batch-stickers,zh-hk,2,ST-004,成功,489,88
zprintpro-stickers-small-batch-stickers-zh-hk-3.jpg,stickers,small-batch-stickers,zh-hk,3,ST-004,成功,473,80
异形模切贴纸电商主图生成-(40).jpg,,,,,,异常删除,0,0